/*
Navicat MySQL Data Transfer

Source Server         : localhost_3306
Source Server Version : 50528
Source Host           : localhost:3306
Source Database       : kirara_leoworld

Target Server Type    : MYSQL
Target Server Version : 50528
File Encoding         : 65001

Date: 2021-12-01 11:24:07
*/

SET FOREIGN_KEY_CHECKS=0;

-- ----------------------------
-- Table structure for `adventure`
-- ----------------------------
DROP TABLE IF EXISTS `adventure`;
CREATE TABLE `adventure` (
  `adventureid` varchar(48) NOT NULL,
  `name` varchar(96) NOT NULL,
  `startdate` datetime NOT NULL,
  `enddate` datetime DEFAULT NULL,
  `planinvest` bigint(20) NOT NULL,
  `nowinvest` bigint(20) NOT NULL,
  `lastopendate` datetime NOT NULL,
  PRIMARY KEY (`adventureid`),
  KEY `name` (`name`)
) ENGINE=InnoDB DEFAULT CHARSET=utf8;

-- ----------------------------
-- Records of adventure
-- ----------------------------
INSERT INTO `adventure` VALUES ('1', '完成开题报告', '2020-10-19 14:47:56', '2020-10-29 16:37:16', '1680', '1725', '2021-06-01 14:49:31');
INSERT INTO `adventure` VALUES ('10', '完善数学导图', '2020-10-28 09:32:41', null, '4800', '275', '2021-06-01 14:49:36');
INSERT INTO `adventure` VALUES ('11', '完成开题 第二期', '2020-10-29 16:38:08', '2020-11-25 16:40:28', '1200', '1000', '2021-06-01 14:49:40');
INSERT INTO `adventure` VALUES ('12', '立直麻将进阶学习', '2020-10-30 22:54:48', null, '4800', '540', '2021-10-24 21:51:21');
INSERT INTO `adventure` VALUES ('13', '行政日常', '2020-11-15 14:59:49', null, '6000', '1300', '2021-08-18 09:07:25');
INSERT INTO `adventure` VALUES ('14', '理解tf 第三期', '2020-11-30 09:26:35', '2021-06-22 11:25:27', '6000', '1050', '2021-06-01 14:49:58');
INSERT INTO `adventure` VALUES ('15', '论文撰写初级入门', '2021-06-09 15:59:03', null, '3000', '2335', '2021-11-09 11:17:45');
INSERT INTO `adventure` VALUES ('16', 'Blender初级入门', '2021-06-09 16:27:16', null, '3000', '225', '2021-06-01 14:50:04');
INSERT INTO `adventure` VALUES ('17', '游戏娱乐专业训练', '2021-06-21 11:12:00', null, '24000', '2075', '2021-11-09 16:14:05');
INSERT INTO `adventure` VALUES ('18', '整理初级入门', '2021-06-28 23:03:07', null, '3000', '100', '2021-07-01 21:20:59');
INSERT INTO `adventure` VALUES ('19', '心理学初级入门', '2021-07-02 19:40:22', null, '3000', '670', '2021-08-16 17:42:47');
INSERT INTO `adventure` VALUES ('2', '番剧鉴赏进阶学习', '2020-10-19 17:48:07', null, '6000', '1230', '2021-08-29 18:27:35');
INSERT INTO `adventure` VALUES ('20', '音乐鉴赏初级入门', '2021-07-04 20:42:33', null, '2400', '45', '2021-08-24 10:33:19');
INSERT INTO `adventure` VALUES ('21', 'Coding进阶学习', '2021-07-06 21:17:43', null, '6000', '4735', '2021-11-09 12:09:43');
INSERT INTO `adventure` VALUES ('22', '做饭初级入门', '2021-08-17 11:35:51', null, '3000', '35', '2021-08-18 11:08:51');
INSERT INTO `adventure` VALUES ('3', 'Golang初级入门', '2020-10-19 17:53:24', null, '2400', '200', '2021-06-01 14:50:10');
INSERT INTO `adventure` VALUES ('4', '写作提升', '2020-10-19 17:56:56', null, '6000', '2641', '2021-11-09 21:51:06');
INSERT INTO `adventure` VALUES ('5', '理解TF 第二期', '2020-10-19 17:58:46', '2020-11-29 23:02:57', '2400', '2415', '2021-06-01 14:50:16');
INSERT INTO `adventure` VALUES ('6', '阅读晋升 第二期', '2020-10-19 18:01:48', null, '2000', '1625', '2021-11-09 22:42:39');
INSERT INTO `adventure` VALUES ('7', '语言同化 第三期', '2020-10-19 18:03:02', null, '4800', '766', '2021-10-24 18:16:51');
INSERT INTO `adventure` VALUES ('8', '视频娱乐二阶段', '2020-10-19 18:50:22', null, '6000', '3435', '2021-11-09 18:21:33');
INSERT INTO `adventure` VALUES ('9', 'Coding初级入门', '2020-10-24 15:27:05', '2021-07-06 21:10:34', '2400', '2410', '2021-07-06 21:10:34');

-- ----------------------------
-- Table structure for `figure`
-- ----------------------------
DROP TABLE IF EXISTS `figure`;
CREATE TABLE `figure` (
  `figureid` int(48) NOT NULL AUTO_INCREMENT,
  `name` varchar(48) NOT NULL,
  `root` varchar(48) DEFAULT NULL,
  `grade` varchar(10) DEFAULT NULL,
  `weapon_type` varchar(48) DEFAULT NULL,
  `feature` varchar(48) DEFAULT NULL,
  `feature_info` varchar(100) DEFAULT NULL,
  `moe` double NOT NULL,
  `yxr` double NOT NULL,
  `intimacy` double NOT NULL,
  `enthusiasm` double NOT NULL,
  `m_coefficient` double NOT NULL,
  `y_coefficient` double NOT NULL,
  `i_coefficient` double NOT NULL,
  `e_coefficient` double NOT NULL,
  `sound` varchar(48) DEFAULT NULL,
  `love` int(11) DEFAULT NULL,
  `level` int(11) DEFAULT NULL,
  `eyecolor` varchar(48) DEFAULT NULL,
  `haircolor` varchar(48) DEFAULT NULL,
  `skin` varchar(48) NOT NULL,
  PRIMARY KEY (`figureid`),
  KEY `fk_root` (`root`) USING BTREE,
  KEY `name` (`name`) USING BTREE,
  CONSTRAINT `figure_ibfk_1` FOREIGN KEY (`root`) REFERENCES `work` (`name`)
) ENGINE=InnoDB AUTO_INCREMENT=12 DEFAULT CHARSET=utf8;

-- ----------------------------
-- Records of figure
-- ----------------------------
INSERT INTO `figure` VALUES ('1', '高坂桐乃', '我的妹妹哪有这么可爱', 'S', '短剑', '亲妹妹', '初始好感度变为二十，幼驯染值被动提高10%', '82', '108', '79', '40', '1.16', '1.21', '1.12', '1.1', '竹达彩奈', '20', '1', '蓝绿色', '浅棕色', '高坂桐乃_默认');
INSERT INTO `figure` VALUES ('2', '岁纳京子', '摇曳百合', 'S', '长枪', '热情', '冒险结束后获得10%的水晶加成', '83', '23', '50', '90', '1.15', '1.05', '1.06', '1.19', '大坪由佳', '0', '1', '蓝色', '黄色', '岁纳京子_默认');
INSERT INTO `figure` VALUES ('3', '五更琉璃', '我的妹妹哪有这么可爱', 'A', '重剑', '第二类中二病', '签到奖励增加20%', '70', '33', '50', '92', '1.17', '1.04', '1.16', '1.17', '花泽香菜', '0', '1', '蓝色', '黑色', '五更琉璃_默认');
INSERT INTO `figure` VALUES ('4', '平泽唯', '轻音少女', 'S', '弓箭', '单线程天才', '每日第五次完成番茄钟(大于等于25min)开始获得20%的水晶加成', '100', '66', '91', '100', '1.24', '1.16', '1.12', '1.2', '丰崎爱生', '0', '1', '棕色', '棕色', '平泽唯_默认');
INSERT INTO `figure` VALUES ('5', '恋冢小梦', 'Comic Girls', 'A', '长枪', '漫画的执念', '武器加成+10%', '70', '41', '51', '96', '1.09', '1.19', '1.1', '1.15', '本渡枫', '0', '1', '钢蓝色', '黄色', '恋冢小梦_默认');
INSERT INTO `figure` VALUES ('6', '凉风青叶', 'NEW GAME', 'S', '短剑', '专心工作', '提高5%的高品质材料加成', '90', '55', '67', '93', '1.24', '1.17', '1.14', '1.24', '高田忧希', '0', '1', '紫色', '浅紫色', '凉风青叶_魅魔');
INSERT INTO `figure` VALUES ('7', '八神光', 'NEW GAME', 'S', '短剑 长枪', '工作狂', '每日早间签到奖励变为原来的3倍', '88', '45', '90', '95', '1.25', '1.11', '1.15', '1.06', '日笠阳子', '0', '1', '天蓝色', '米黄色', '八神光_默认');
INSERT INTO `figure` VALUES ('8', '各务原抚子', '摇曳露营', 'A', '重剑', '天然呆', '萌值被动提高8%', '55', '22', '56', '51', '1.14', '1.15', '1.05', '1.1', '花守由美里', '0', '1', '天蓝色', '粉色', '各务原抚子_默认');
INSERT INTO `figure` VALUES ('9', '犬山葵', '摇曳露营', 'A', '重剑', '自强者', '升阶所需碎片减少5%', '47', '55', '49', '52', '1.15', '1.16', '1.17', '1.04', '丰崎爱生', '0', '1', '草绿色', '黄褐色', '犬山葵_默认');
INSERT INTO `figure` VALUES ('10', '栗山未来', '境界的彼方', 'S', '法器', '单纯与幸运', '冒险时间增加10%，水晶奖励减少50%，高品质材料加成25%', '70', '57', '66', '98', '1.17', '1.18', '1.15', '1.06', '种田梨沙', '0', '1', '金色', '茶色', '栗山未来_默认');
INSERT INTO `figure` VALUES ('11', '天真珈百璃', '珈百璃的堕落', 'A', '长枪', '天使宅女', '武器升级时材料经验+20%', '66', '30', '71', '54', '1.01', '1.11', '1.16', '1.15', '富田美忧', '0', '1', '深蓝色', '黄色', '天真珈百璃_默认');

-- ----------------------------
-- Table structure for `knapsack`
-- ----------------------------
DROP TABLE IF EXISTS `knapsack`;
CREATE TABLE `knapsack` (
  `id` int(11) NOT NULL,
  `name` varchar(48) DEFAULT NULL,
  `number` int(11) unsigned zerofill NOT NULL,
  `type` varchar(48) NOT NULL,
  PRIMARY KEY (`id`)
) ENGINE=InnoDB DEFAULT CHARSET=utf8;

-- ----------------------------
-- Records of knapsack
-- ----------------------------
INSERT INTO `knapsack` VALUES ('0', '记忆晶元', '00000000006', '兑换材料');
INSERT INTO `knapsack` VALUES ('1', '4星强化料', '00000000023', '消耗品');
INSERT INTO `knapsack` VALUES ('2', '3星强化料', '00000000043', '消耗品');
INSERT INTO `knapsack` VALUES ('3', '2星强化料', '00000000125', '消耗品');
INSERT INTO `knapsack` VALUES ('4', '4星角色书', '00000000009', '消耗品');
INSERT INTO `knapsack` VALUES ('5', '3星角色书', '00000000059', '消耗品');
INSERT INTO `knapsack` VALUES ('6', '2星角色书', '00000000131', '消耗品');

-- ----------------------------
-- Table structure for `log_adventure`
-- ----------------------------
DROP TABLE IF EXISTS `log_adventure`;
CREATE TABLE `log_adventure` (
  `adventure_id` int(11) NOT NULL AUTO_INCREMENT,
  `name` varchar(48) DEFAULT NULL,
  `last_time` int(11) NOT NULL,
  `starttime` datetime NOT NULL,
  `endtime` datetime NOT NULL,
  `crystal_add` int(11) NOT NULL,
  `crystal_hold` int(11) NOT NULL,
  `assistant` varchar(48) DEFAULT NULL,
  `remark` varchar(100) DEFAULT NULL,
  PRIMARY KEY (`adventure_id`),
  KEY `FK_advname` (`name`),
  CONSTRAINT `FK_advname` FOREIGN KEY (`name`) REFERENCES `adventure` (`name`)
) ENGINE=InnoDB AUTO_INCREMENT=287 DEFAULT CHARSET=utf8;

-- ----------------------------
-- Records of log_adventure
-- ----------------------------
INSERT INTO `log_adventure` VALUES ('1', '心理学初级入门', '10', '2021-08-16 17:42:35', '2021-08-16 17:42:47', '5', '365', '各务原抚子', '');
INSERT INTO `log_adventure` VALUES ('2', '番剧鉴赏进阶学习', '10', '2021-08-16 20:13:40', '2021-08-16 20:23:54', '5', '370', '各务原抚子', '');
INSERT INTO `log_adventure` VALUES ('3', 'Coding进阶学习', '50', '2021-08-16 20:43:43', '2021-08-16 21:36:52', '256', '626', '各务原抚子', '');
INSERT INTO `log_adventure` VALUES ('4', 'Coding进阶学习', '50', '2021-08-16 21:45:00', '2021-08-16 22:35:17', '256', '882', '各务原抚子', '');
INSERT INTO `log_adventure` VALUES ('5', 'Coding进阶学习', '25', '2021-08-16 23:30:56', '2021-08-16 23:31:24', '110', '1072', '各务原抚子', '');
INSERT INTO `log_adventure` VALUES ('7', 'Coding进阶学习', '50', '2021-08-17 09:18:45', '2021-08-17 10:09:00', '270', '342', '各务原抚子', '');
INSERT INTO `log_adventure` VALUES ('8', 'Coding进阶学习', '50', '2021-08-17 10:42:53', '2021-08-17 11:34:48', '270', '612', '各务原抚子', '');
INSERT INTO `log_adventure` VALUES ('9', '做饭初级入门', '25', '2021-08-17 11:37:25', '2021-08-17 12:02:32', '110', '722', '各务原抚子', '');
INSERT INTO `log_adventure` VALUES ('10', 'Coding进阶学习', '50', '2021-08-17 14:33:36', '2021-08-17 15:23:47', '270', '992', '各务原抚子', '');
INSERT INTO `log_adventure` VALUES ('11', 'Coding进阶学习', '50', '2021-08-17 20:53:15', '2021-08-17 21:45:04', '270', '1262', '各务原抚子', '');
INSERT INTO `log_adventure` VALUES ('12', '游戏娱乐专业训练', '10', '2021-08-17 21:45:20', '2021-08-17 21:55:43', '6', '1268', '各务原抚子', '');
INSERT INTO `log_adventure` VALUES ('13', '视频娱乐二阶段', '10', '2021-08-17 21:55:49', '2021-08-17 22:05:52', '6', '1274', '各务原抚子', '');
INSERT INTO `log_adventure` VALUES ('14', '视频娱乐二阶段', '10', '2021-08-17 22:05:58', '2021-08-17 22:16:23', '6', '1280', '各务原抚子', '');
INSERT INTO `log_adventure` VALUES ('15', '游戏娱乐专业训练', '10', '2021-08-17 22:33:20', '2021-08-17 22:43:43', '6', '1286', '各务原抚子', '');
INSERT INTO `log_adventure` VALUES ('16', '游戏娱乐专业训练', '10', '2021-08-17 22:49:28', '2021-08-17 22:59:32', '6', '1292', '各务原抚子', '');
INSERT INTO `log_adventure` VALUES ('17', '游戏娱乐专业训练', '10', '2021-08-17 23:02:20', '2021-08-17 23:12:43', '6', '1298', '各务原抚子', '');
INSERT INTO `log_adventure` VALUES ('18', '行政日常', '50', '2021-08-18 08:17:18', '2021-08-18 09:07:25', '270', '648', '各务原抚子', '');
INSERT INTO `log_adventure` VALUES ('19', 'Coding进阶学习', '50', '2021-08-18 10:04:29', '2021-08-18 10:56:03', '270', '918', '各务原抚子', '');
INSERT INTO `log_adventure` VALUES ('20', '做饭初级入门', '10', '2021-08-18 10:58:29', '2021-08-18 11:08:51', '6', '924', '各务原抚子', '');
INSERT INTO `log_adventure` VALUES ('21', 'Coding进阶学习', '50', '2021-08-18 11:11:30', '2021-08-18 12:03:11', '270', '1194', '各务原抚子', '');
INSERT INTO `log_adventure` VALUES ('22', '游戏娱乐专业训练', '10', '2021-08-18 12:06:20', '2021-08-18 12:16:44', '6', '1200', '各务原抚子', '');
INSERT INTO `log_adventure` VALUES ('23', '游戏娱乐专业训练', '10', '2021-08-18 12:17:26', '2021-08-18 12:27:30', '56', '1256', '各务原抚子', '');
INSERT INTO `log_adventure` VALUES ('24', '游戏娱乐专业训练', '10', '2021-08-18 12:28:50', '2021-08-18 12:39:11', '6', '1262', '各务原抚子', '');
INSERT INTO `log_adventure` VALUES ('25', '游戏娱乐专业训练', '10', '2021-08-18 12:59:24', '2021-08-18 13:09:27', '6', '1268', '各务原抚子', '');
INSERT INTO `log_adventure` VALUES ('26', '游戏娱乐专业训练', '10', '2021-08-18 13:13:11', '2021-08-18 13:23:14', '6', '1354', '各务原抚子', '');
INSERT INTO `log_adventure` VALUES ('27', '游戏娱乐专业训练', '10', '2021-08-18 13:24:06', '2021-08-18 13:34:27', '56', '1410', '各务原抚子', '');
INSERT INTO `log_adventure` VALUES ('28', '游戏娱乐专业训练', '10', '2021-08-18 13:36:09', '2021-08-18 13:46:31', '6', '1416', '各务原抚子', '');
INSERT INTO `log_adventure` VALUES ('29', '游戏娱乐专业训练', '10', '2021-08-18 13:46:39', '2021-08-18 13:56:42', '6', '1422', '各务原抚子', '');
INSERT INTO `log_adventure` VALUES ('30', '游戏娱乐专业训练', '10', '2021-08-18 13:58:41', '2021-08-18 14:09:04', '6', '1428', '各务原抚子', '');
INSERT INTO `log_adventure` VALUES ('31', '游戏娱乐专业训练', '10', '2021-08-18 14:12:13', '2021-08-18 14:22:16', '6', '1434', '各务原抚子', '');
INSERT INTO `log_adventure` VALUES ('32', 'Coding进阶学习', '50', '2021-08-18 14:28:19', '2021-08-18 15:20:03', '320', '1754', '各务原抚子', '');
INSERT INTO `log_adventure` VALUES ('33', 'Coding进阶学习', '25', '2021-08-18 15:44:15', '2021-08-18 16:10:02', '110', '1864', '各务原抚子', '本次掉落物品:2星强化料5个');
INSERT INTO `log_adventure` VALUES ('34', '游戏娱乐专业训练', '10', '2021-08-18 17:39:33', '2021-08-18 17:49:53', '6', '1870', '各务原抚子', '本次掉落物品:4星强化料1个');
INSERT INTO `log_adventure` VALUES ('35', '游戏娱乐专业训练', '10', '2021-08-18 18:54:48', '2021-08-18 19:05:06', '6', '1876', '各务原抚子', '本次掉落物品:3星强化料2个');
INSERT INTO `log_adventure` VALUES ('36', '游戏娱乐专业训练', '10', '2021-08-18 19:19:20', '2021-08-18 19:29:24', '56', '1932', '各务原抚子', '本次掉落物品:50水晶');
INSERT INTO `log_adventure` VALUES ('37', '游戏娱乐专业训练', '10', '2021-08-18 20:47:31', '2021-08-18 20:57:48', '6', '1938', '各务原抚子', '');
INSERT INTO `log_adventure` VALUES ('38', 'Coding进阶学习', '50', '2021-08-18 21:00:41', '2021-08-18 21:52:06', '320', '2258', '各务原抚子', '本次掉落物品:50水晶');
INSERT INTO `log_adventure` VALUES ('39', 'Coding进阶学习', '25', '2021-08-18 21:55:25', '2021-08-18 22:21:06', '110', '1248', '各务原抚子', '本次掉落物品:2星强化料4个');
INSERT INTO `log_adventure` VALUES ('40', '游戏娱乐专业训练', '10', '2021-08-18 22:39:22', '2021-08-18 22:49:41', '6', '1254', '各务原抚子', '');
INSERT INTO `log_adventure` VALUES ('41', '游戏娱乐专业训练', '10', '2021-08-18 22:49:46', '2021-08-18 23:00:04', '6', '1260', '各务原抚子', '');
INSERT INTO `log_adventure` VALUES ('42', '游戏娱乐专业训练', '10', '2021-08-18 23:00:13', '2021-08-18 23:10:15', '6', '1266', '各务原抚子', '');
INSERT INTO `log_adventure` VALUES ('43', '游戏娱乐专业训练', '10', '2021-08-18 23:10:22', '2021-08-18 23:20:24', '6', '1272', '各务原抚子', '');
INSERT INTO `log_adventure` VALUES ('44', 'Coding进阶学习', '50', '2021-08-20 16:42:32', '2021-08-20 17:34:01', '270', '542', '各务原抚子', '本次掉落物品:2星角色书2个');
INSERT INTO `log_adventure` VALUES ('45', '游戏娱乐专业训练', '10', '2021-08-20 18:06:25', '2021-08-20 18:16:46', '6', '548', '各务原抚子', '');
INSERT INTO `log_adventure` VALUES ('46', 'Coding进阶学习', '50', '2021-08-20 20:03:57', '2021-08-20 20:54:07', '270', '818', '各务原抚子', '本次掉落物品:4星强化料1个');
INSERT INTO `log_adventure` VALUES ('47', '游戏娱乐专业训练', '10', '2021-08-21 07:12:21', '2021-08-21 07:22:23', '6', '984', '各务原抚子', '');
INSERT INTO `log_adventure` VALUES ('48', 'Coding进阶学习', '50', '2021-08-21 17:57:51', '2021-08-21 18:49:35', '270', '1254', '各务原抚子', '');
INSERT INTO `log_adventure` VALUES ('49', 'Coding进阶学习', '25', '2021-08-21 18:49:52', '2021-08-21 19:14:59', '110', '364', '各务原抚子', '本次掉落物品:2星角色书3个');
INSERT INTO `log_adventure` VALUES ('50', '游戏娱乐专业训练', '10', '2021-08-21 19:34:10', '2021-08-21 19:44:26', '6', '370', '各务原抚子', '');
INSERT INTO `log_adventure` VALUES ('51', '游戏娱乐专业训练', '10', '2021-08-21 19:44:35', '2021-08-21 19:54:54', '6', '376', '各务原抚子', '');
INSERT INTO `log_adventure` VALUES ('52', '游戏娱乐专业训练', '10', '2021-08-21 19:55:03', '2021-08-21 20:05:22', '6', '382', '各务原抚子', '');
INSERT INTO `log_adventure` VALUES ('53', '游戏娱乐专业训练', '10', '2021-08-21 20:08:07', '2021-08-21 20:18:25', '6', '388', '各务原抚子', '');
INSERT INTO `log_adventure` VALUES ('54', '游戏娱乐专业训练', '10', '2021-08-21 20:59:22', '2021-08-21 21:09:24', '6', '394', '各务原抚子', '');
INSERT INTO `log_adventure` VALUES ('55', '游戏娱乐专业训练', '10', '2021-08-21 21:44:55', '2021-08-21 21:55:15', '6', '400', '各务原抚子', '');
INSERT INTO `log_adventure` VALUES ('56', '游戏娱乐专业训练', '10', '2021-08-21 22:01:59', '2021-08-21 22:12:23', '6', '406', '各务原抚子', '');
INSERT INTO `log_adventure` VALUES ('57', '游戏娱乐专业训练', '10', '2021-08-22 08:58:22', '2021-08-22 09:08:40', '6', '492', '各务原抚子', '');
INSERT INTO `log_adventure` VALUES ('58', '游戏娱乐专业训练', '10', '2021-08-22 09:08:52', '2021-08-22 09:18:54', '6', '498', '各务原抚子', '');
INSERT INTO `log_adventure` VALUES ('59', '游戏娱乐专业训练', '10', '2021-08-22 09:23:16', '2021-08-22 09:33:33', '6', '504', '各务原抚子', '');
INSERT INTO `log_adventure` VALUES ('60', '游戏娱乐专业训练', '10', '2021-08-22 09:56:08', '2021-08-22 10:06:26', '6', '510', '各务原抚子', '');
INSERT INTO `log_adventure` VALUES ('61', '游戏娱乐专业训练', '10', '2021-08-22 10:32:30', '2021-08-22 10:42:50', '6', '516', '各务原抚子', '');
INSERT INTO `log_adventure` VALUES ('62', '游戏娱乐专业训练', '10', '2021-08-22 11:01:11', '2021-08-22 11:11:13', '6', '522', '各务原抚子', '');
INSERT INTO `log_adventure` VALUES ('63', 'Coding进阶学习', '50', '2021-08-22 12:20:27', '2021-08-22 13:10:43', '270', '792', '各务原抚子', '本次掉落物品:4星角色书2个');
INSERT INTO `log_adventure` VALUES ('64', 'Coding进阶学习', '50', '2021-08-22 16:09:59', '2021-08-22 17:00:17', '270', '1062', '各务原抚子', '');
INSERT INTO `log_adventure` VALUES ('65', 'Coding进阶学习', '10', '2021-08-22 17:00:30', '2021-08-22 17:10:34', '6', '1068', '各务原抚子', '');
INSERT INTO `log_adventure` VALUES ('66', 'Coding进阶学习', '50', '2021-08-22 17:13:06', '2021-08-22 18:03:22', '270', '1338', '各务原抚子', '本次掉落物品:2星角色书2个');
INSERT INTO `log_adventure` VALUES ('67', 'Coding进阶学习', '25', '2021-08-22 18:32:42', '2021-08-22 18:58:42', '110', '448', '各务原抚子', '本次掉落物品:2星角色书4个');
INSERT INTO `log_adventure` VALUES ('68', 'Coding进阶学习', '50', '2021-08-23 09:32:42', '2021-08-23 10:22:56', '270', '718', '各务原抚子', '');
INSERT INTO `log_adventure` VALUES ('69', 'Coding进阶学习', '10', '2021-08-23 10:25:27', '2021-08-23 10:35:45', '6', '724', '各务原抚子', '');
INSERT INTO `log_adventure` VALUES ('70', '写作提升', '25', '2021-08-23 10:37:28', '2021-08-23 11:02:34', '110', '834', '各务原抚子', '本次掉落物品:2星强化料4个');
INSERT INTO `log_adventure` VALUES ('71', '视频娱乐二阶段', '10', '2021-08-23 11:02:45', '2021-08-23 11:12:49', '6', '840', '各务原抚子', '');
INSERT INTO `log_adventure` VALUES ('72', 'Coding进阶学习', '50', '2021-08-23 11:17:48', '2021-08-23 12:08:02', '270', '1110', '各务原抚子', '本次掉落物品:记忆晶元');
INSERT INTO `log_adventure` VALUES ('73', 'Coding进阶学习', '10', '2021-08-23 12:09:27', '2021-08-23 12:19:31', '6', '116', '各务原抚子', '');
INSERT INTO `log_adventure` VALUES ('74', '游戏娱乐专业训练', '10', '2021-08-23 12:19:50', '2021-08-23 12:30:04', '6', '122', '各务原抚子', '');
INSERT INTO `log_adventure` VALUES ('75', 'Coding进阶学习', '50', '2021-08-23 13:45:02', '2021-08-23 14:35:14', '270', '392', '各务原抚子', '本次掉落物品:2星角色书4个');
INSERT INTO `log_adventure` VALUES ('76', 'Coding进阶学习', '50', '2021-08-23 14:40:24', '2021-08-23 15:31:58', '270', '662', '各务原抚子', '');
INSERT INTO `log_adventure` VALUES ('77', '视频娱乐二阶段', '10', '2021-08-23 15:33:39', '2021-08-23 15:43:53', '6', '668', '各务原抚子', '');
INSERT INTO `log_adventure` VALUES ('78', 'Coding进阶学习', '50', '2021-08-23 17:16:32', '2021-08-23 18:08:02', '270', '938', '各务原抚子', '本次掉落物品:2星角色书4个');
INSERT INTO `log_adventure` VALUES ('79', 'Coding进阶学习', '25', '2021-08-23 18:19:08', '2021-08-23 18:44:14', '110', '1048', '各务原抚子', '本次掉落物品:2星强化料3个');
INSERT INTO `log_adventure` VALUES ('80', 'Coding进阶学习', '25', '2021-08-23 21:59:41', '2021-08-23 22:25:34', '110', '1158', '各务原抚子', '本次掉落物品:2星角色书3个');
INSERT INTO `log_adventure` VALUES ('81', '音乐鉴赏初级入门', '10', '2021-08-24 10:23:17', '2021-08-24 10:33:19', '6', '164', '各务原抚子', '');
INSERT INTO `log_adventure` VALUES ('82', '写作提升', '25', '2021-08-24 10:45:44', '2021-08-24 11:10:52', '110', '274', '各务原抚子', '');
INSERT INTO `log_adventure` VALUES ('83', 'Coding进阶学习', '50', '2021-08-24 11:22:31', '2021-08-24 12:14:10', '270', '544', '各务原抚子', '本次掉落物品:2星强化料2个');
INSERT INTO `log_adventure` VALUES ('84', '游戏娱乐专业训练', '10', '2021-08-24 13:20:04', '2021-08-24 13:30:07', '6', '630', '各务原抚子', '');
INSERT INTO `log_adventure` VALUES ('85', '游戏娱乐专业训练', '10', '2021-08-24 13:30:15', '2021-08-24 13:40:17', '6', '636', '各务原抚子', '');
INSERT INTO `log_adventure` VALUES ('86', 'Coding进阶学习', '25', '2021-08-24 14:04:12', '2021-08-24 14:29:59', '110', '746', '各务原抚子', '');
INSERT INTO `log_adventure` VALUES ('87', 'Coding进阶学习', '50', '2021-08-24 15:27:29', '2021-08-24 16:17:37', '270', '1016', '各务原抚子', '本次掉落物品:3星角色书1个');
INSERT INTO `log_adventure` VALUES ('88', 'Coding进阶学习', '50', '2021-08-24 16:45:47', '2021-08-24 17:37:09', '270', '1286', '各务原抚子', '');
INSERT INTO `log_adventure` VALUES ('89', '语言同化 第三期', '25', '2021-08-24 17:58:14', '2021-08-24 18:23:46', '110', '836', '各务原抚子', '本次掉落物品:4星角色书1个');
INSERT INTO `log_adventure` VALUES ('90', 'Coding进阶学习', '25', '2021-08-24 22:19:42', '2021-08-24 22:44:48', '110', '946', '各务原抚子', '本次掉落物品:2星强化料4个');
INSERT INTO `log_adventure` VALUES ('91', 'Coding进阶学习', '25', '2021-08-24 23:41:24', '2021-08-25 00:06:31', '110', '1136', '各务原抚子', '本次掉落物品:2星角色书5个');
INSERT INTO `log_adventure` VALUES ('92', '写作提升', '25', '2021-08-25 09:23:42', '2021-08-25 09:49:28', '110', '966', '各务原抚子', '');
INSERT INTO `log_adventure` VALUES ('93', '视频娱乐二阶段', '10', '2021-08-25 09:49:43', '2021-08-25 09:59:46', '6', '972', '各务原抚子', '');
INSERT INTO `log_adventure` VALUES ('94', 'Coding进阶学习', '50', '2021-08-25 10:21:27', '2021-08-25 11:13:00', '270', '1242', '各务原抚子', '本次掉落物品:2星强化料3个');
INSERT INTO `log_adventure` VALUES ('95', 'Coding进阶学习', '50', '2021-08-25 11:18:01', '2021-08-25 12:08:11', '270', '512', '各务原抚子', '本次掉落物品:记忆晶元');
INSERT INTO `log_adventure` VALUES ('96', 'Coding进阶学习', '25', '2021-08-25 12:42:36', '2021-08-25 13:08:21', '110', '622', '各务原抚子', '本次掉落物品:2星强化料5个');
INSERT INTO `log_adventure` VALUES ('97', 'Coding进阶学习', '50', '2021-08-25 14:19:07', '2021-08-25 15:11:01', '270', '892', '各务原抚子', '本次掉落物品:3星角色书3个');
INSERT INTO `log_adventure` VALUES ('98', 'Coding进阶学习', '50', '2021-08-25 17:06:17', '2021-08-25 17:57:51', '270', '1162', '各务原抚子', '');
INSERT INTO `log_adventure` VALUES ('99', 'Coding进阶学习', '50', '2021-08-25 19:33:31', '2021-08-25 20:25:18', '270', '1432', '各务原抚子', '本次掉落物品:4星角色书2个');
INSERT INTO `log_adventure` VALUES ('100', 'Coding进阶学习', '50', '2021-08-25 20:41:15', '2021-08-25 21:31:22', '270', '1702', '各务原抚子', '本次掉落物品:4星角色书2个');
INSERT INTO `log_adventure` VALUES ('101', 'Coding进阶学习', '25', '2021-08-25 22:37:21', '2021-08-25 23:03:01', '100', '962', '五更琉璃', '');
INSERT INTO `log_adventure` VALUES ('102', 'Coding进阶学习', '10', '2021-08-25 23:03:31', '2021-08-25 23:13:47', '5', '967', '五更琉璃', '');
INSERT INTO `log_adventure` VALUES ('103', 'Coding进阶学习', '25', '2021-08-25 23:37:33', '2021-08-26 00:02:37', '100', '1067', '五更琉璃', '本次掉落物品:2星强化料5个');
INSERT INTO `log_adventure` VALUES ('104', '写作提升', '10', '2021-08-26 09:02:41', '2021-08-26 09:13:16', '5', '72', '五更琉璃', '');
INSERT INTO `log_adventure` VALUES ('105', '写作提升', '25', '2021-08-26 09:13:27', '2021-08-26 09:38:33', '100', '172', '五更琉璃', '');
INSERT INTO `log_adventure` VALUES ('106', 'Coding进阶学习', '10', '2021-08-26 09:38:39', '2021-08-26 09:49:04', '5', '177', '五更琉璃', '');
INSERT INTO `log_adventure` VALUES ('107', 'Coding进阶学习', '50', '2021-08-26 10:07:13', '2021-08-26 10:58:59', '245', '422', '五更琉璃', '本次掉落物品:2星强化料5个');
INSERT INTO `log_adventure` VALUES ('108', 'Coding进阶学习', '10', '2021-08-26 10:59:15', '2021-08-26 11:09:36', '5', '427', '五更琉璃', '');
INSERT INTO `log_adventure` VALUES ('109', 'Coding进阶学习', '50', '2021-08-26 11:11:34', '2021-08-26 12:01:43', '245', '672', '五更琉璃', '本次掉落物品:2星角色书5个');
INSERT INTO `log_adventure` VALUES ('110', 'Coding进阶学习', '50', '2021-08-26 14:37:16', '2021-08-26 15:28:39', '245', '917', '五更琉璃', '');
INSERT INTO `log_adventure` VALUES ('111', 'Coding进阶学习', '10', '2021-08-26 15:30:41', '2021-08-26 15:40:44', '5', '922', '五更琉璃', '');
INSERT INTO `log_adventure` VALUES ('112', 'Coding进阶学习', '50', '2021-08-26 15:41:11', '2021-08-26 16:32:46', '245', '1167', '五更琉璃', '');
INSERT INTO `log_adventure` VALUES ('113', 'Coding进阶学习', '10', '2021-08-26 16:32:57', '2021-08-26 16:43:22', '5', '1172', '五更琉璃', '');
INSERT INTO `log_adventure` VALUES ('114', 'Coding进阶学习', '50', '2021-08-26 16:44:31', '2021-08-26 17:34:41', '245', '1417', '五更琉璃', '本次掉落物品:2星角色书3个');
INSERT INTO `log_adventure` VALUES ('115', '视频娱乐二阶段', '10', '2021-08-26 17:41:10', '2021-08-26 17:51:13', '5', '1422', '五更琉璃', '');
INSERT INTO `log_adventure` VALUES ('116', 'Coding进阶学习', '10', '2021-08-26 18:00:04', '2021-08-26 18:10:08', '5', '1427', '五更琉璃', '');
INSERT INTO `log_adventure` VALUES ('117', 'Coding进阶学习', '25', '2021-08-26 18:13:29', '2021-08-26 18:39:14', '100', '1527', '五更琉璃', '');
INSERT INTO `log_adventure` VALUES ('118', 'Coding进阶学习', '25', '2021-08-27 06:47:35', '2021-08-27 07:13:28', '100', '723', '五更琉璃', '');
INSERT INTO `log_adventure` VALUES ('119', 'Coding进阶学习', '50', '2021-08-27 11:02:05', '2021-08-27 11:52:15', '270', '993', '各务原抚子', '');
INSERT INTO `log_adventure` VALUES ('120', '视频娱乐二阶段', '10', '2021-08-27 11:54:32', '2021-08-27 12:04:54', '6', '999', '各务原抚子', '');
INSERT INTO `log_adventure` VALUES ('121', '写作提升', '25', '2021-08-27 12:16:10', '2021-08-27 12:41:57', '110', '1109', '各务原抚子', '本次掉落物品:4星角色书1个');
INSERT INTO `log_adventure` VALUES ('122', 'Coding进阶学习', '25', '2021-08-27 13:14:12', '2021-08-27 13:39:53', '110', '1315', '各务原抚子', '本次掉落物品:4星强化料1个');
INSERT INTO `log_adventure` VALUES ('123', 'Coding进阶学习', '10', '2021-08-27 13:47:37', '2021-08-27 13:57:52', '6', '1321', '各务原抚子', '');
INSERT INTO `log_adventure` VALUES ('124', 'Coding进阶学习', '50', '2021-08-27 16:32:04', '2021-08-27 17:23:31', '270', '1591', '各务原抚子', '本次掉落物品:2星强化料5个');
INSERT INTO `log_adventure` VALUES ('125', '视频娱乐二阶段', '10', '2021-08-27 17:32:12', '2021-08-27 17:42:32', '6', '1597', '各务原抚子', '');
INSERT INTO `log_adventure` VALUES ('126', '视频娱乐二阶段', '10', '2021-08-27 19:01:49', '2021-08-27 19:12:08', '6', '763', '各务原抚子', '');
INSERT INTO `log_adventure` VALUES ('127', '立直麻将进阶学习', '25', '2021-08-27 20:04:58', '2021-08-27 20:30:01', '110', '873', '各务原抚子', '本次掉落物品:3星角色书2个');
INSERT INTO `log_adventure` VALUES ('128', '立直麻将进阶学习', '10', '2021-08-27 20:30:14', '2021-08-27 20:40:25', '6', '879', '各务原抚子', '');
INSERT INTO `log_adventure` VALUES ('129', '立直麻将进阶学习', '10', '2021-08-27 20:40:33', '2021-08-27 20:50:44', '6', '885', '各务原抚子', '');
INSERT INTO `log_adventure` VALUES ('130', 'Coding进阶学习', '50', '2021-08-27 21:11:42', '2021-08-27 22:01:51', '270', '1155', '各务原抚子', '');
INSERT INTO `log_adventure` VALUES ('131', 'Coding进阶学习', '10', '2021-08-27 22:11:07', '2021-08-27 22:21:25', '6', '1161', '各务原抚子', '');
INSERT INTO `log_adventure` VALUES ('132', 'Coding进阶学习', '10', '2021-08-27 22:21:30', '2021-08-27 22:31:48', '6', '1167', '各务原抚子', '');
INSERT INTO `log_adventure` VALUES ('133', 'Coding进阶学习', '50', '2021-08-28 08:14:35', '2021-08-28 09:04:45', '270', '1237', '各务原抚子', '本次掉落物品:2星强化料2个');
INSERT INTO `log_adventure` VALUES ('134', 'Coding进阶学习', '25', '2021-08-28 09:04:57', '2021-08-28 09:30:41', '110', '347', '各务原抚子', '本次掉落物品:2星强化料4个');
INSERT INTO `log_adventure` VALUES ('135', 'Coding进阶学习', '50', '2021-08-28 11:19:52', '2021-08-28 12:11:21', '270', '617', '各务原抚子', '');
INSERT INTO `log_adventure` VALUES ('136', '立直麻将进阶学习', '25', '2021-08-28 12:15:30', '2021-08-28 12:40:57', '110', '727', '各务原抚子', '本次掉落物品:2星强化料4个');
INSERT INTO `log_adventure` VALUES ('137', '立直麻将进阶学习', '10', '2021-08-28 12:41:05', '2021-08-28 12:51:16', '6', '733', '各务原抚子', '');
INSERT INTO `log_adventure` VALUES ('138', '立直麻将进阶学习', '10', '2021-08-28 12:51:23', '2021-08-28 13:01:25', '6', '739', '各务原抚子', '');
INSERT INTO `log_adventure` VALUES ('139', '立直麻将进阶学习', '10', '2021-08-28 13:01:31', '2021-08-28 13:11:43', '6', '745', '各务原抚子', '');
INSERT INTO `log_adventure` VALUES ('140', '视频娱乐二阶段', '10', '2021-08-28 13:35:34', '2021-08-28 13:45:37', '6', '751', '各务原抚子', '');
INSERT INTO `log_adventure` VALUES ('141', 'Coding进阶学习', '50', '2021-08-28 15:36:10', '2021-08-28 16:26:18', '270', '1021', '各务原抚子', '');
INSERT INTO `log_adventure` VALUES ('142', 'Coding进阶学习', '10', '2021-08-28 16:26:28', '2021-08-28 16:36:31', '6', '1027', '各务原抚子', '');
INSERT INTO `log_adventure` VALUES ('143', 'Coding进阶学习', '50', '2021-08-28 16:36:37', '2021-08-28 17:26:46', '270', '1297', '各务原抚子', '本次掉落物品:2星角色书3个');
INSERT INTO `log_adventure` VALUES ('144', 'Coding进阶学习', '10', '2021-08-28 17:48:08', '2021-08-28 17:58:26', '6', '1303', '各务原抚子', '');
INSERT INTO `log_adventure` VALUES ('145', 'Coding进阶学习', '10', '2021-08-28 17:58:31', '2021-08-28 18:08:51', '6', '1309', '各务原抚子', '');
INSERT INTO `log_adventure` VALUES ('146', 'Coding进阶学习', '10', '2021-08-28 18:08:58', '2021-08-28 18:19:00', '6', '1315', '各务原抚子', '');
INSERT INTO `log_adventure` VALUES ('147', 'Coding进阶学习', '10', '2021-08-28 18:19:05', '2021-08-28 18:29:08', '6', '1321', '各务原抚子', '');
INSERT INTO `log_adventure` VALUES ('148', 'Coding进阶学习', '10', '2021-08-28 18:35:02', '2021-08-28 18:45:04', '6', '1327', '各务原抚子', '');
INSERT INTO `log_adventure` VALUES ('149', 'Coding进阶学习', '10', '2021-08-28 18:55:43', '2021-08-28 19:05:46', '6', '1333', '各务原抚子', '');
INSERT INTO `log_adventure` VALUES ('150', 'Coding进阶学习', '50', '2021-08-28 19:46:28', '2021-08-28 20:37:47', '270', '1043', '各务原抚子', '本次掉落物品:3星强化料3个');
INSERT INTO `log_adventure` VALUES ('151', 'Coding进阶学习', '50', '2021-08-28 21:31:21', '2021-08-28 22:22:39', '270', '1313', '各务原抚子', '本次掉落物品:2星角色书2个');
INSERT INTO `log_adventure` VALUES ('152', 'Coding进阶学习', '25', '2021-08-28 22:42:08', '2021-08-28 23:07:45', '110', '959', '各务原抚子', '本次掉落物品:2星角色书5个');
INSERT INTO `log_adventure` VALUES ('153', 'Coding进阶学习', '25', '2021-08-29 08:26:04', '2021-08-29 08:51:48', '110', '165', '各务原抚子', '本次掉落物品:3星角色书1个');
INSERT INTO `log_adventure` VALUES ('154', 'Coding进阶学习', '10', '2021-08-29 08:58:14', '2021-08-29 09:08:31', '6', '171', '各务原抚子', '');
INSERT INTO `log_adventure` VALUES ('155', 'Coding进阶学习', '25', '2021-08-29 09:28:47', '2021-08-29 09:54:34', '110', '281', '各务原抚子', '本次掉落物品:2星角色书4个');
INSERT INTO `log_adventure` VALUES ('156', 'Coding进阶学习', '25', '2021-08-29 12:53:53', '2021-08-29 13:19:05', '110', '391', '各务原抚子', '本次掉落物品:2星强化料4个');
INSERT INTO `log_adventure` VALUES ('157', '写作提升', '10', '2021-08-29 13:19:22', '2021-08-29 13:29:24', '6', '493', '各务原抚子', '');
INSERT INTO `log_adventure` VALUES ('158', '番剧鉴赏进阶学习', '25', '2021-08-29 17:25:59', '2021-08-29 17:51:31', '110', '603', '各务原抚子', '');
INSERT INTO `log_adventure` VALUES ('159', '番剧鉴赏进阶学习', '10', '2021-08-29 17:51:38', '2021-08-29 18:01:52', '6', '609', '各务原抚子', '');
INSERT INTO `log_adventure` VALUES ('160', '番剧鉴赏进阶学习', '25', '2021-08-29 18:01:58', '2021-08-29 18:27:35', '110', '719', '各务原抚子', '本次掉落物品:3星强化料1个');
INSERT INTO `log_adventure` VALUES ('161', '视频娱乐二阶段', '10', '2021-08-29 18:27:55', '2021-08-29 18:38:12', '6', '725', '各务原抚子', '');
INSERT INTO `log_adventure` VALUES ('162', '视频娱乐二阶段', '10', '2021-08-29 18:41:56', '2021-08-29 18:52:13', '6', '731', '各务原抚子', '');
INSERT INTO `log_adventure` VALUES ('163', '视频娱乐二阶段', '10', '2021-08-29 19:22:11', '2021-08-29 19:32:26', '6', '737', '各务原抚子', '');
INSERT INTO `log_adventure` VALUES ('164', '视频娱乐二阶段', '10', '2021-08-29 19:33:39', '2021-08-29 19:43:47', '6', '743', '各务原抚子', '');
INSERT INTO `log_adventure` VALUES ('165', '视频娱乐二阶段', '10', '2021-08-29 19:52:35', '2021-08-29 20:02:37', '6', '749', '各务原抚子', '');
INSERT INTO `log_adventure` VALUES ('166', '视频娱乐二阶段', '10', '2021-08-29 20:33:33', '2021-08-29 20:43:47', '6', '755', '各务原抚子', '');
INSERT INTO `log_adventure` VALUES ('167', '视频娱乐二阶段', '10', '2021-08-29 20:44:03', '2021-08-29 20:54:18', '6', '761', '各务原抚子', '');
INSERT INTO `log_adventure` VALUES ('168', '视频娱乐二阶段', '10', '2021-08-29 20:54:47', '2021-08-29 21:04:49', '6', '767', '各务原抚子', '');
INSERT INTO `log_adventure` VALUES ('169', '视频娱乐二阶段', '10', '2021-08-29 21:30:47', '2021-08-29 21:41:01', '6', '773', '各务原抚子', '');
INSERT INTO `log_adventure` VALUES ('170', '游戏娱乐专业训练', '10', '2021-08-29 21:45:27', '2021-08-29 21:55:46', '6', '779', '各务原抚子', '');
INSERT INTO `log_adventure` VALUES ('171', '游戏娱乐专业训练', '10', '2021-08-30 07:14:17', '2021-08-30 07:24:19', '6', '880', '各务原抚子', '');
INSERT INTO `log_adventure` VALUES ('172', '游戏娱乐专业训练', '10', '2021-08-30 07:29:02', '2021-08-30 07:39:19', '6', '886', '各务原抚子', '');
INSERT INTO `log_adventure` VALUES ('173', '游戏娱乐专业训练', '10', '2021-08-30 07:42:29', '2021-08-30 07:52:46', '6', '892', '各务原抚子', '');
INSERT INTO `log_adventure` VALUES ('174', '游戏娱乐专业训练', '10', '2021-08-30 07:53:37', '2021-08-30 08:03:55', '6', '898', '各务原抚子', '');
INSERT INTO `log_adventure` VALUES ('175', '游戏娱乐专业训练', '10', '2021-08-30 08:30:54', '2021-08-30 08:41:11', '6', '904', '各务原抚子', '');
INSERT INTO `log_adventure` VALUES ('176', '游戏娱乐专业训练', '10', '2021-08-30 09:14:39', '2021-08-30 09:24:57', '6', '910', '各务原抚子', '');
INSERT INTO `log_adventure` VALUES ('177', '游戏娱乐专业训练', '10', '2021-08-30 09:45:07', '2021-08-30 09:55:24', '6', '916', '各务原抚子', '');
INSERT INTO `log_adventure` VALUES ('178', '游戏娱乐专业训练', '10', '2021-08-30 09:55:43', '2021-08-30 10:06:01', '6', '922', '各务原抚子', '');
INSERT INTO `log_adventure` VALUES ('179', '游戏娱乐专业训练', '10', '2021-08-30 11:10:13', '2021-08-30 11:20:15', '6', '928', '各务原抚子', '');
INSERT INTO `log_adventure` VALUES ('180', '游戏娱乐专业训练', '10', '2021-08-30 11:21:00', '2021-08-30 11:31:02', '6', '934', '各务原抚子', '');
INSERT INTO `log_adventure` VALUES ('181', '游戏娱乐专业训练', '10', '2021-08-30 11:31:12', '2021-08-30 11:41:33', '6', '940', '各务原抚子', '');
INSERT INTO `log_adventure` VALUES ('182', '游戏娱乐专业训练', '10', '2021-08-30 11:51:40', '2021-08-30 12:01:42', '6', '946', '各务原抚子', '');
INSERT INTO `log_adventure` VALUES ('183', '游戏娱乐专业训练', '10', '2021-08-30 12:53:32', '2021-08-30 13:03:34', '6', '952', '各务原抚子', '');
INSERT INTO `log_adventure` VALUES ('184', '游戏娱乐专业训练', '10', '2021-08-30 14:55:39', '2021-08-30 15:06:00', '6', '958', '各务原抚子', '');
INSERT INTO `log_adventure` VALUES ('185', 'Coding进阶学习', '50', '2021-08-30 19:22:33', '2021-08-30 20:12:40', '270', '388', '各务原抚子', '本次掉落物品:4星角色书2个');
INSERT INTO `log_adventure` VALUES ('186', 'Coding进阶学习', '10', '2021-08-30 20:16:57', '2021-08-30 20:27:11', '6', '114', '各务原抚子', '');
INSERT INTO `log_adventure` VALUES ('187', 'Coding进阶学习', '50', '2021-08-30 20:27:22', '2021-08-30 21:18:40', '270', '384', '各务原抚子', '本次掉落物品:2星强化料5个');
INSERT INTO `log_adventure` VALUES ('188', 'Coding进阶学习', '25', '2021-08-30 22:16:37', '2021-08-30 22:42:17', '110', '494', '各务原抚子', '本次掉落物品:2星角色书4个');
INSERT INTO `log_adventure` VALUES ('189', 'Coding进阶学习', '25', '2021-08-30 22:42:42', '2021-08-30 23:07:46', '110', '140', '各务原抚子', '本次掉落物品:2星角色书4个');
INSERT INTO `log_adventure` VALUES ('190', '游戏娱乐专业训练', '10', '2021-08-31 09:48:52', '2021-08-31 09:59:08', '6', '145', '各务原抚子', '');
INSERT INTO `log_adventure` VALUES ('191', '游戏娱乐专业训练', '10', '2021-08-31 10:00:09', '2021-08-31 10:10:26', '6', '151', '各务原抚子', '');
INSERT INTO `log_adventure` VALUES ('192', '游戏娱乐专业训练', '10', '2021-08-31 10:11:18', '2021-08-31 10:21:37', '6', '157', '各务原抚子', '');
INSERT INTO `log_adventure` VALUES ('193', '游戏娱乐专业训练', '10', '2021-08-31 10:27:26', '2021-08-31 10:37:44', '6', '163', '各务原抚子', '');
INSERT INTO `log_adventure` VALUES ('194', '游戏娱乐专业训练', '10', '2021-08-31 10:37:53', '2021-08-31 10:48:09', '6', '169', '各务原抚子', '');
INSERT INTO `log_adventure` VALUES ('195', '游戏娱乐专业训练', '10', '2021-08-31 12:33:21', '2021-08-31 12:43:39', '6', '175', '各务原抚子', '');
INSERT INTO `log_adventure` VALUES ('196', '游戏娱乐专业训练', '10', '2021-08-31 12:44:40', '2021-08-31 12:54:43', '6', '181', '各务原抚子', '');
INSERT INTO `log_adventure` VALUES ('197', '游戏娱乐专业训练', '10', '2021-08-31 12:54:49', '2021-08-31 13:05:06', '6', '187', '各务原抚子', '');
INSERT INTO `log_adventure` VALUES ('198', '游戏娱乐专业训练', '10', '2021-08-31 13:05:19', '2021-08-31 13:15:36', '6', '289', '各务原抚子', '');
INSERT INTO `log_adventure` VALUES ('199', '游戏娱乐专业训练', '10', '2021-08-31 14:16:22', '2021-08-31 14:26:40', '6', '295', '各务原抚子', '');
INSERT INTO `log_adventure` VALUES ('200', '游戏娱乐专业训练', '10', '2021-08-31 14:26:45', '2021-08-31 14:37:02', '6', '301', '各务原抚子', '');
INSERT INTO `log_adventure` VALUES ('201', 'Coding进阶学习', '50', '2021-08-31 16:19:10', '2021-08-31 17:10:31', '270', '571', '各务原抚子', '本次掉落物品:2星强化料2个');
INSERT INTO `log_adventure` VALUES ('202', 'Coding进阶学习', '25', '2021-08-31 17:21:26', '2021-08-31 17:46:31', '110', '681', '各务原抚子', '');
INSERT INTO `log_adventure` VALUES ('203', 'Coding进阶学习', '50', '2021-08-31 20:00:00', '2021-08-31 20:51:19', '270', '951', '各务原抚子', '本次掉落物品:3星强化料3个');
INSERT INTO `log_adventure` VALUES ('204', 'Coding进阶学习', '10', '2021-08-31 20:51:25', '2021-08-31 21:01:27', '6', '957', '各务原抚子', '');
INSERT INTO `log_adventure` VALUES ('205', '游戏娱乐专业训练', '10', '2021-09-01 07:54:53', '2021-09-01 08:05:07', '6', '1058', '各务原抚子', '');
INSERT INTO `log_adventure` VALUES ('206', '游戏娱乐专业训练', '10', '2021-09-01 09:15:46', '2021-09-01 09:26:03', '6', '1064', '各务原抚子', '');
INSERT INTO `log_adventure` VALUES ('207', 'Coding进阶学习', '50', '2021-09-01 09:53:44', '2021-09-01 10:45:08', '270', '1334', '各务原抚子', '');
INSERT INTO `log_adventure` VALUES ('208', 'Coding进阶学习', '50', '2021-09-02 11:10:37', '2021-09-02 12:00:47', '270', '1683', '各务原抚子', '本次掉落物品:记忆晶元');
INSERT INTO `log_adventure` VALUES ('209', 'Coding进阶学习', '50', '2021-09-02 15:48:55', '2021-09-02 16:40:40', '270', '273', '各务原抚子', '本次掉落物品:3星角色书2个');
INSERT INTO `log_adventure` VALUES ('210', 'Coding进阶学习', '50', '2021-09-02 20:26:54', '2021-09-02 21:18:26', '270', '543', '各务原抚子', '本次掉落物品:3星角色书1个');
INSERT INTO `log_adventure` VALUES ('211', 'Coding进阶学习', '50', '2021-09-08 20:56:25', '2021-09-08 21:46:33', '270', '812', '各务原抚子', '本次掉落物品:3星角色书1个');
INSERT INTO `log_adventure` VALUES ('212', 'Coding进阶学习', '50', '2021-09-08 22:01:17', '2021-09-08 22:51:25', '270', '1082', '各务原抚子', '本次掉落物品:4星强化料2个');
INSERT INTO `log_adventure` VALUES ('213', 'Coding进阶学习', '50', '2021-09-09 11:29:47', '2021-09-09 12:19:57', '270', '1431', '各务原抚子', '本次掉落物品:3星强化料2个');
INSERT INTO `log_adventure` VALUES ('214', 'Coding进阶学习', '10', '2021-09-09 12:26:13', '2021-09-09 12:36:35', '6', '1437', '各务原抚子', '');
INSERT INTO `log_adventure` VALUES ('215', '游戏娱乐专业训练', '10', '2021-09-09 19:18:59', '2021-09-09 19:29:16', '6', '1443', '各务原抚子', '');
INSERT INTO `log_adventure` VALUES ('216', '视频娱乐二阶段', '10', '2021-09-09 20:33:36', '2021-09-09 20:43:49', '6', '1449', '各务原抚子', '');
INSERT INTO `log_adventure` VALUES ('217', 'Coding进阶学习', '50', '2021-09-09 20:46:58', '2021-09-09 21:37:08', '270', '1719', '各务原抚子', '本次掉落物品:3星强化料1个');
INSERT INTO `log_adventure` VALUES ('218', 'Coding进阶学习', '10', '2021-09-09 21:37:20', '2021-09-09 21:47:38', '6', '1725', '各务原抚子', '');
INSERT INTO `log_adventure` VALUES ('219', 'Coding进阶学习', '50', '2021-09-10 10:32:11', '2021-09-10 11:22:20', '270', '2074', '各务原抚子', '本次掉落物品:2星强化料5个');
INSERT INTO `log_adventure` VALUES ('220', 'Coding进阶学习', '10', '2021-09-10 11:25:26', '2021-09-10 11:35:31', '6', '2080', '各务原抚子', '');
INSERT INTO `log_adventure` VALUES ('221', 'Coding进阶学习', '25', '2021-09-10 11:35:54', '2021-09-10 12:00:59', '110', '2190', '各务原抚子', '');
INSERT INTO `log_adventure` VALUES ('222', '游戏娱乐专业训练', '25', '2021-09-10 12:04:02', '2021-09-10 12:29:43', '110', '2300', '各务原抚子', '');
INSERT INTO `log_adventure` VALUES ('223', 'Coding进阶学习', '50', '2021-09-11 10:11:13', '2021-09-11 11:02:43', '270', '2649', '各务原抚子', '本次掉落物品:3星强化料2个');
INSERT INTO `log_adventure` VALUES ('224', 'Coding进阶学习', '50', '2021-09-11 11:22:05', '2021-09-11 12:13:27', '270', '2919', '各务原抚子', '本次掉落物品:记忆晶元');
INSERT INTO `log_adventure` VALUES ('225', 'Coding进阶学习', '25', '2021-09-11 15:16:35', '2021-09-11 15:41:40', '110', '3029', '各务原抚子', '本次掉落物品:2星强化料4个');
INSERT INTO `log_adventure` VALUES ('226', 'Coding进阶学习', '50', '2021-09-13 10:29:32', '2021-09-13 11:21:14', '270', '3298', '各务原抚子', '本次掉落物品:4星角色书1个');
INSERT INTO `log_adventure` VALUES ('227', '游戏娱乐专业训练', '10', '2021-09-13 11:49:51', '2021-09-13 11:59:54', '6', '3304', '各务原抚子', '');
INSERT INTO `log_adventure` VALUES ('228', '游戏娱乐专业训练', '10', '2021-09-13 12:20:51', '2021-09-13 12:30:54', '6', '3310', '各务原抚子', '');
INSERT INTO `log_adventure` VALUES ('229', '论文撰写初级入门', '50', '2021-09-13 16:50:02', '2021-09-13 17:40:10', '270', '3580', '各务原抚子', '本次掉落物品:2星角色书4个');
INSERT INTO `log_adventure` VALUES ('230', 'Coding进阶学习', '10', '2021-09-13 18:05:26', '2021-09-13 18:15:44', '6', '3586', '各务原抚子', '');
INSERT INTO `log_adventure` VALUES ('231', 'Coding进阶学习', '50', '2021-09-13 19:01:11', '2021-09-13 19:52:41', '270', '3856', '各务原抚子', '');
INSERT INTO `log_adventure` VALUES ('232', 'Coding进阶学习', '50', '2021-09-14 09:39:53', '2021-09-14 10:31:20', '270', '4205', '各务原抚子', '本次掉落物品:2星强化料4个');
INSERT INTO `log_adventure` VALUES ('233', 'Coding进阶学习', '10', '2021-09-14 11:45:02', '2021-09-14 11:55:17', '6', '4211', '各务原抚子', '');
INSERT INTO `log_adventure` VALUES ('234', '游戏娱乐专业训练', '60', '2021-09-14 11:55:30', '2021-09-14 12:55:36', '319', '4530', '各务原抚子', '');
INSERT INTO `log_adventure` VALUES ('235', '论文撰写初级入门', '10', '2021-09-14 16:32:11', '2021-09-14 16:42:33', '6', '4536', '各务原抚子', '');
INSERT INTO `log_adventure` VALUES ('236', '论文撰写初级入门', '50', '2021-09-14 16:49:27', '2021-09-14 17:39:40', '270', '4806', '各务原抚子', '本次掉落物品:4星强化料1个');
INSERT INTO `log_adventure` VALUES ('237', '阅读晋升 第二期', '10', '2021-09-14 17:48:41', '2021-09-14 17:59:01', '6', '4812', '各务原抚子', '');
INSERT INTO `log_adventure` VALUES ('238', '阅读晋升 第二期', '25', '2021-09-14 17:59:52', '2021-09-14 18:25:39', '110', '4922', '各务原抚子', '本次掉落物品:2星角色书4个');
INSERT INTO `log_adventure` VALUES ('239', 'Coding进阶学习', '50', '2021-09-14 19:46:52', '2021-09-14 20:38:25', '270', '5192', '各务原抚子', '本次掉落物品:3星角色书2个');
INSERT INTO `log_adventure` VALUES ('240', 'Coding进阶学习', '10', '2021-09-14 20:46:47', '2021-09-14 20:56:51', '6', '5198', '各务原抚子', '');
INSERT INTO `log_adventure` VALUES ('241', '论文撰写初级入门', '50', '2021-09-14 21:07:45', '2021-09-14 21:58:56', '270', '5468', '各务原抚子', '本次掉落物品:2星角色书4个');
INSERT INTO `log_adventure` VALUES ('242', '论文撰写初级入门', '25', '2021-09-15 11:54:04', '2021-09-15 12:19:51', '110', '5657', '各务原抚子', '本次掉落物品:4星角色书2个');
INSERT INTO `log_adventure` VALUES ('243', 'Coding进阶学习', '25', '2021-09-16 10:53:29', '2021-09-16 11:19:22', '140', '1876', '高坂桐乃', '本次掉落物品:2星角色书2个');
INSERT INTO `log_adventure` VALUES ('244', 'Coding进阶学习', '25', '2021-09-16 11:19:31', '2021-09-16 11:44:37', '140', '2016', '高坂桐乃', '本次掉落物品:2星强化料5个');
INSERT INTO `log_adventure` VALUES ('245', 'Coding进阶学习', '25', '2021-09-16 11:44:43', '2021-09-16 12:10:31', '140', '2156', '高坂桐乃', '本次掉落物品:2星强化料3个');
INSERT INTO `log_adventure` VALUES ('246', '视频娱乐二阶段', '10', '2021-09-16 12:10:39', '2021-09-16 12:20:59', '7', '2163', '高坂桐乃', '');
INSERT INTO `log_adventure` VALUES ('247', 'Coding进阶学习', '50', '2021-09-16 20:26:31', '2021-09-16 21:18:09', '343', '2506', '高坂桐乃', '');
INSERT INTO `log_adventure` VALUES ('248', '视频娱乐二阶段', '10', '2021-09-16 21:18:35', '2021-09-16 21:28:56', '7', '2513', '高坂桐乃', '');
INSERT INTO `log_adventure` VALUES ('249', '视频娱乐二阶段', '10', '2021-09-16 21:42:11', '2021-09-16 21:52:14', '7', '2520', '高坂桐乃', '');
INSERT INTO `log_adventure` VALUES ('250', '视频娱乐二阶段', '10', '2021-09-16 21:52:18', '2021-09-16 22:02:21', '7', '2527', '高坂桐乃', '');
INSERT INTO `log_adventure` VALUES ('251', '视频娱乐二阶段', '10', '2021-09-16 22:17:15', '2021-09-16 22:27:18', '7', '2534', '高坂桐乃', '');
INSERT INTO `log_adventure` VALUES ('252', '论文撰写初级入门', '50', '2021-09-27 16:07:52', '2021-09-27 16:58:05', '232', '2861', '犬山葵', '本次掉落物品:4星强化料2个');
INSERT INTO `log_adventure` VALUES ('253', '论文撰写初级入门', '10', '2021-09-27 20:39:56', '2021-09-27 20:50:13', '5', '2866', '犬山葵', '');
INSERT INTO `log_adventure` VALUES ('254', 'Coding进阶学习', '25', '2021-09-29 11:24:53', '2021-09-29 11:50:31', '94', '2959', '犬山葵', '本次掉落物品:2星强化料2个');
INSERT INTO `log_adventure` VALUES ('255', '阅读晋升 第二期', '50', '2021-09-29 17:20:26', '2021-09-29 18:10:39', '232', '3191', '犬山葵', '本次掉落物品:2星强化料2个');
INSERT INTO `log_adventure` VALUES ('256', '阅读晋升 第二期', '25', '2021-09-29 19:17:22', '2021-09-29 19:43:03', '94', '3285', '犬山葵', '本次掉落物品:3星角色书1个');
INSERT INTO `log_adventure` VALUES ('257', '阅读晋升 第二期', '25', '2021-09-29 19:48:01', '2021-09-29 20:13:08', '94', '3379', '犬山葵', '本次掉落物品:2星角色书5个');
INSERT INTO `log_adventure` VALUES ('258', '论文撰写初级入门', '10', '2021-09-29 20:43:43', '2021-09-29 20:53:45', '5', '3384', '犬山葵', '');
INSERT INTO `log_adventure` VALUES ('259', 'Coding进阶学习', '50', '2021-09-30 09:50:02', '2021-09-30 10:41:28', '232', '3615', '犬山葵', '');
INSERT INTO `log_adventure` VALUES ('260', '论文撰写初级入门', '25', '2021-09-30 11:25:18', '2021-09-30 11:50:50', '94', '3709', '犬山葵', '本次掉落物品:2星强化料4个');
INSERT INTO `log_adventure` VALUES ('261', '论文撰写初级入门', '50', '2021-09-30 15:37:23', '2021-09-30 16:28:39', '232', '3941', '犬山葵', '本次掉落物品:2星强化料5个');
INSERT INTO `log_adventure` VALUES ('262', '论文撰写初级入门', '50', '2021-10-01 12:32:14', '2021-10-01 13:23:45', '232', '4172', '犬山葵', '');
INSERT INTO `log_adventure` VALUES ('263', '论文撰写初级入门', '10', '2021-10-01 15:58:08', '2021-10-01 16:08:28', '5', '4177', '犬山葵', '');
INSERT INTO `log_adventure` VALUES ('264', 'Coding进阶学习', '25', '2021-10-22 14:04:55', '2021-10-22 14:30:00', '94', '4270', '犬山葵', '本次掉落物品:3星角色书1个');
INSERT INTO `log_adventure` VALUES ('265', '语言同化 第三期', '50', '2021-10-24 16:21:53', '2021-10-24 17:13:12', '232', '4501', '犬山葵', '本次掉落物品:2星角色书3个');
INSERT INTO `log_adventure` VALUES ('266', '语言同化 第三期', '10', '2021-10-24 17:13:46', '2021-10-24 17:23:58', '5', '4506', '犬山葵', '');
INSERT INTO `log_adventure` VALUES ('267', '语言同化 第三期', '50', '2021-10-24 17:25:47', '2021-10-24 18:16:51', '232', '4738', '犬山葵', '本次掉落物品:2星角色书5个');
INSERT INTO `log_adventure` VALUES ('268', '立直麻将进阶学习', '25', '2021-10-24 20:50:15', '2021-10-24 21:15:22', '140', '4878', '高坂桐乃', '本次掉落物品:记忆晶元');
INSERT INTO `log_adventure` VALUES ('269', '立直麻将进阶学习', '25', '2021-10-24 21:15:44', '2021-10-24 21:40:51', '140', '5018', '高坂桐乃', '');
INSERT INTO `log_adventure` VALUES ('270', '立直麻将进阶学习', '10', '2021-10-24 21:40:58', '2021-10-24 21:51:21', '7', '5025', '高坂桐乃', '');
INSERT INTO `log_adventure` VALUES ('271', 'Coding进阶学习', '25', '2021-10-26 15:16:53', '2021-10-26 15:42:00', '140', '5164', '高坂桐乃', '本次掉落物品:3星角色书3个');
INSERT INTO `log_adventure` VALUES ('272', 'Coding进阶学习', '50', '2021-10-26 16:04:13', '2021-10-26 16:55:55', '343', '5507', '高坂桐乃', '本次掉落物品:2星角色书4个');
INSERT INTO `log_adventure` VALUES ('273', '写作提升', '50', '2021-11-01 15:48:06', '2021-11-01 16:39:17', '343', '5849', '高坂桐乃', '本次掉落物品:2星强化料4个');
INSERT INTO `log_adventure` VALUES ('274', '阅读晋升 第二期', '25', '2021-11-08 21:01:28', '2021-11-08 21:27:04', '140', '5988', '高坂桐乃', '');
INSERT INTO `log_adventure` VALUES ('275', '论文撰写初级入门', '50', '2021-11-09 10:14:21', '2021-11-09 11:05:35', '343', '6330', '高坂桐乃', '');
INSERT INTO `log_adventure` VALUES ('276', '论文撰写初级入门', '10', '2021-11-09 11:07:43', '2021-11-09 11:17:45', '7', '6337', '高坂桐乃', '');
INSERT INTO `log_adventure` VALUES ('277', 'Coding进阶学习', '50', '2021-11-09 11:18:31', '2021-11-09 12:09:43', '343', '6680', '高坂桐乃', '本次掉落物品:3星强化料2个');
INSERT INTO `log_adventure` VALUES ('278', '游戏娱乐专业训练', '50', '2021-11-09 14:10:25', '2021-11-09 15:00:31', '343', '7023', '高坂桐乃', '本次掉落物品:2星强化料4个');
INSERT INTO `log_adventure` VALUES ('279', '游戏娱乐专业训练', '10', '2021-11-09 15:00:40', '2021-11-09 15:10:56', '7', '7030', '高坂桐乃', '');
INSERT INTO `log_adventure` VALUES ('280', '游戏娱乐专业训练', '50', '2021-11-09 15:13:43', '2021-11-09 16:03:50', '343', '7373', '高坂桐乃', '本次掉落物品:2星角色书2个');
INSERT INTO `log_adventure` VALUES ('281', '游戏娱乐专业训练', '10', '2021-11-09 16:04:03', '2021-11-09 16:14:05', '7', '7380', '高坂桐乃', '');
INSERT INTO `log_adventure` VALUES ('282', '阅读晋升 第二期', '50', '2021-11-09 16:18:52', '2021-11-09 17:10:06', '343', '7723', '高坂桐乃', '');
INSERT INTO `log_adventure` VALUES ('283', '视频娱乐二阶段', '10', '2021-11-09 18:11:31', '2021-11-09 18:21:33', '7', '7730', '高坂桐乃', '');
INSERT INTO `log_adventure` VALUES ('284', '写作提升', '50', '2021-11-09 20:50:18', '2021-11-09 21:40:26', '343', '8073', '高坂桐乃', '本次掉落物品:3星角色书1个');
INSERT INTO `log_adventure` VALUES ('285', '写作提升', '10', '2021-11-09 21:40:47', '2021-11-09 21:51:06', '7', '8080', '高坂桐乃', '');
INSERT INTO `log_adventure` VALUES ('286', '阅读晋升 第二期', '50', '2021-11-09 21:51:16', '2021-11-09 22:42:39', '393', '8473', '高坂桐乃', '本次掉落物品:50水晶');

-- ----------------------------
-- Table structure for `log_lottery_charc`
-- ----------------------------
DROP TABLE IF EXISTS `log_lottery_charc`;
CREATE TABLE `log_lottery_charc` (
  `log_id` int(11) NOT NULL AUTO_INCREMENT,
  `name` varchar(48) NOT NULL,
  `lottery_time` datetime NOT NULL,
  `grade` int(48) NOT NULL,
  PRIMARY KEY (`log_id`)
) ENGINE=InnoDB AUTO_INCREMENT=94 DEFAULT CHARSET=utf8;

-- ----------------------------
-- Records of log_lottery_charc
-- ----------------------------
INSERT INTO `log_lottery_charc` VALUES ('1', '3星角色书2个', '2021-08-16 14:32:28', '3');
INSERT INTO `log_lottery_charc` VALUES ('2', '3星角色书1个', '2021-08-16 14:32:38', '3');
INSERT INTO `log_lottery_charc` VALUES ('3', '3星角色书2个', '2021-08-16 14:32:41', '3');
INSERT INTO `log_lottery_charc` VALUES ('4', '3星角色书3个', '2021-08-16 14:32:43', '3');
INSERT INTO `log_lottery_charc` VALUES ('5', '各务原抚子', '2021-08-16 14:32:46', '4');
INSERT INTO `log_lottery_charc` VALUES ('6', '3星强化料3个', '2021-08-16 14:32:51', '3');
INSERT INTO `log_lottery_charc` VALUES ('7', '4星角色书2个', '2021-08-16 14:32:53', '4');
INSERT INTO `log_lottery_charc` VALUES ('8', '3星角色书3个', '2021-08-16 14:32:55', '3');
INSERT INTO `log_lottery_charc` VALUES ('9', '3星强化料2个', '2021-08-16 14:32:57', '3');
INSERT INTO `log_lottery_charc` VALUES ('10', '黑魔导书', '2021-08-16 14:32:59', '4');
INSERT INTO `log_lottery_charc` VALUES ('11', '2星角色书2个', '2021-08-16 14:33:03', '2');
INSERT INTO `log_lottery_charc` VALUES ('12', '2星强化料4个', '2021-08-16 14:33:05', '2');
INSERT INTO `log_lottery_charc` VALUES ('13', '2星角色书2个', '2021-08-16 14:33:07', '2');
INSERT INTO `log_lottery_charc` VALUES ('14', '3星强化料3个', '2021-08-16 14:33:10', '3');
INSERT INTO `log_lottery_charc` VALUES ('15', '4星强化料1个', '2021-08-16 14:33:12', '4');
INSERT INTO `log_lottery_charc` VALUES ('16', '3星角色书3个', '2021-08-16 14:33:14', '3');
INSERT INTO `log_lottery_charc` VALUES ('17', '2星角色书4个', '2021-08-16 14:33:16', '2');
INSERT INTO `log_lottery_charc` VALUES ('18', '3星角色书3个', '2021-08-16 14:33:19', '3');
INSERT INTO `log_lottery_charc` VALUES ('19', '4星强化料1个', '2021-08-16 14:33:21', '4');
INSERT INTO `log_lottery_charc` VALUES ('20', '3星角色书3个', '2021-08-16 14:33:22', '3');
INSERT INTO `log_lottery_charc` VALUES ('21', '2星角色书4个', '2021-08-16 14:33:24', '2');
INSERT INTO `log_lottery_charc` VALUES ('22', '3星角色书1个', '2021-08-16 14:33:28', '3');
INSERT INTO `log_lottery_charc` VALUES ('23', '3星角色书3个', '2021-08-16 14:33:30', '3');
INSERT INTO `log_lottery_charc` VALUES ('24', '2星角色书5个', '2021-08-16 14:33:32', '2');
INSERT INTO `log_lottery_charc` VALUES ('25', '3星角色书3个', '2021-08-16 14:33:33', '3');
INSERT INTO `log_lottery_charc` VALUES ('26', '2星角色书4个', '2021-08-16 14:33:34', '2');
INSERT INTO `log_lottery_charc` VALUES ('27', '3星角色书1个', '2021-08-16 14:33:36', '3');
INSERT INTO `log_lottery_charc` VALUES ('28', '3星强化料2个', '2021-08-16 14:33:37', '3');
INSERT INTO `log_lottery_charc` VALUES ('29', '3星角色书3个', '2021-08-16 14:33:39', '3');
INSERT INTO `log_lottery_charc` VALUES ('30', '2星角色书3个', '2021-08-16 14:33:40', '2');
INSERT INTO `log_lottery_charc` VALUES ('31', '2星角色书3个', '2021-08-16 14:33:43', '2');
INSERT INTO `log_lottery_charc` VALUES ('32', '3星角色书2个', '2021-08-16 14:33:45', '3');
INSERT INTO `log_lottery_charc` VALUES ('33', '3星角色书2个', '2021-08-16 14:33:48', '3');
INSERT INTO `log_lottery_charc` VALUES ('34', '3星角色书1个', '2021-08-18 21:55:06', '3');
INSERT INTO `log_lottery_charc` VALUES ('35', '3星角色书2个', '2021-08-18 21:55:08', '3');
INSERT INTO `log_lottery_charc` VALUES ('36', '3星角色书2个', '2021-08-18 21:55:10', '3');
INSERT INTO `log_lottery_charc` VALUES ('37', '3星角色书3个', '2021-08-18 21:55:13', '3');
INSERT INTO `log_lottery_charc` VALUES ('38', '3星角色书2个', '2021-08-24 17:57:39', '3');
INSERT INTO `log_lottery_charc` VALUES ('39', '3星角色书3个', '2021-08-24 17:57:44', '3');
INSERT INTO `log_lottery_charc` VALUES ('40', '4星强化料2个', '2021-08-25 00:06:56', '4');
INSERT INTO `log_lottery_charc` VALUES ('41', '3星角色书2个', '2021-08-25 21:44:38', '3');
INSERT INTO `log_lottery_charc` VALUES ('42', '五更琉璃', '2021-08-25 21:44:41', '4');
INSERT INTO `log_lottery_charc` VALUES ('43', '3星强化料3个', '2021-08-25 21:44:46', '3');
INSERT INTO `log_lottery_charc` VALUES ('44', '2星角色书5个', '2021-08-27 19:01:26', '2');
INSERT INTO `log_lottery_charc` VALUES ('45', '2星角色书3个', '2021-08-27 19:01:28', '2');
INSERT INTO `log_lottery_charc` VALUES ('46', '2星强化料2个', '2021-08-27 19:01:30', '2');
INSERT INTO `log_lottery_charc` VALUES ('47', '2星角色书4个', '2021-08-27 22:38:11', '2');
INSERT INTO `log_lottery_charc` VALUES ('48', '2星强化料5个', '2021-08-28 19:05:54', '2');
INSERT INTO `log_lottery_charc` VALUES ('49', '4星强化料2个', '2021-08-28 19:05:59', '4');
INSERT INTO `log_lottery_charc` VALUES ('50', '3星角色书3个', '2021-08-28 22:30:11', '3');
INSERT INTO `log_lottery_charc` VALUES ('51', '2星角色书2个', '2021-08-28 22:30:13', '2');
INSERT INTO `log_lottery_charc` VALUES ('52', '3星角色书1个', '2021-08-30 19:22:26', '3');
INSERT INTO `log_lottery_charc` VALUES ('53', '3星角色书1个', '2021-08-30 19:22:27', '3');
INSERT INTO `log_lottery_charc` VALUES ('54', '2星角色书2个', '2021-08-30 19:22:29', '2');
INSERT INTO `log_lottery_charc` VALUES ('55', '4星角色书2个', '2021-08-30 20:16:48', '4');
INSERT INTO `log_lottery_charc` VALUES ('56', '4星强化料2个', '2021-08-30 22:42:30', '4');
INSERT INTO `log_lottery_charc` VALUES ('57', '3星角色书2个', '2021-08-30 22:42:33', '3');
INSERT INTO `log_lottery_charc` VALUES ('58', '4星角色书1个', '2021-09-02 15:48:39', '4');
INSERT INTO `log_lottery_charc` VALUES ('59', '3星角色书1个', '2021-09-02 15:48:41', '3');
INSERT INTO `log_lottery_charc` VALUES ('60', '4星角色书1个', '2021-09-02 15:48:43', '4');
INSERT INTO `log_lottery_charc` VALUES ('61', '3星角色书2个', '2021-09-02 15:48:45', '3');
INSERT INTO `log_lottery_charc` VALUES ('62', '3星强化料1个', '2021-09-02 15:48:47', '3');
INSERT INTO `log_lottery_charc` VALUES ('63', '3星角色书2个', '2021-09-02 15:48:49', '3');
INSERT INTO `log_lottery_charc` VALUES ('64', '3星角色书2个', '2021-09-15 12:20:29', '3');
INSERT INTO `log_lottery_charc` VALUES ('65', '恋冢小梦', '2021-09-15 12:20:31', '4');
INSERT INTO `log_lottery_charc` VALUES ('66', '3星角色书3个', '2021-09-15 12:20:36', '3');
INSERT INTO `log_lottery_charc` VALUES ('67', '3星角色书3个', '2021-09-15 12:20:38', '3');
INSERT INTO `log_lottery_charc` VALUES ('68', '木响板', '2021-09-15 12:20:41', '4');
INSERT INTO `log_lottery_charc` VALUES ('69', '五更琉璃', '2021-09-15 12:20:43', '4');
INSERT INTO `log_lottery_charc` VALUES ('70', '4星强化料1个', '2021-09-15 12:20:46', '4');
INSERT INTO `log_lottery_charc` VALUES ('71', '3星强化料1个', '2021-09-15 12:20:49', '3');
INSERT INTO `log_lottery_charc` VALUES ('72', '黑魔导书', '2021-09-15 12:20:50', '4');
INSERT INTO `log_lottery_charc` VALUES ('73', '犬山葵', '2021-09-15 12:20:53', '4');
INSERT INTO `log_lottery_charc` VALUES ('74', '4星角色书2个', '2021-09-15 12:20:57', '4');
INSERT INTO `log_lottery_charc` VALUES ('75', '商用键盘', '2021-09-15 12:20:59', '4');
INSERT INTO `log_lottery_charc` VALUES ('76', '黑魔导书', '2021-09-15 12:21:01', '4');
INSERT INTO `log_lottery_charc` VALUES ('77', '高坂桐乃', '2021-09-15 12:21:02', '5');
INSERT INTO `log_lottery_charc` VALUES ('87', '终末嗟叹之诗', '2021-11-11 21:07:26', '5');
INSERT INTO `log_lottery_charc` VALUES ('88', '3星强化料2个', '2021-11-11 21:07:31', '3');
INSERT INTO `log_lottery_charc` VALUES ('89', '3星角色书3个', '2021-11-11 21:07:32', '3');
INSERT INTO `log_lottery_charc` VALUES ('90', '天真珈百璃', '2021-11-11 21:07:34', '4');
INSERT INTO `log_lottery_charc` VALUES ('91', '3星角色书2个', '2021-11-11 21:07:36', '3');
INSERT INTO `log_lottery_charc` VALUES ('92', '嘟嘟可故事集', '2021-11-11 21:07:38', '4');
INSERT INTO `log_lottery_charc` VALUES ('93', '3星角色书3个', '2021-11-11 21:07:40', '3');

-- ----------------------------
-- Table structure for `log_lottery_westi`
-- ----------------------------
DROP TABLE IF EXISTS `log_lottery_westi`;
CREATE TABLE `log_lottery_westi` (
  `log_id` int(11) NOT NULL AUTO_INCREMENT,
  `name` varchar(48) NOT NULL,
  `lottery_time` datetime NOT NULL,
  `grade` varchar(48) NOT NULL,
  PRIMARY KEY (`log_id`)
) ENGINE=InnoDB DEFAULT CHARSET=utf8;

-- ----------------------------
-- Records of log_lottery_westi
-- ----------------------------

-- ----------------------------
-- Table structure for `lottery`
-- ----------------------------
DROP TABLE IF EXISTS `lottery`;
CREATE TABLE `lottery` (
  `lottery_crystal` int(11) NOT NULL DEFAULT '0',
  `check_date` datetime NOT NULL,
  `admission_date` datetime NOT NULL,
  `login_date` datetime NOT NULL,
  `sum_time` int(11) NOT NULL,
  `current_girl` varchar(48) DEFAULT NULL
) ENGINE=InnoDB DEFAULT CHARSET=utf8;

-- ----------------------------
-- Records of lottery
-- ----------------------------
INSERT INTO `lottery` VALUES ('6591', '2021-11-09 22:47:11', '2021-11-11 21:07:25', '2021-11-11 21:07:25', '30832', '高坂桐乃');

-- ----------------------------
-- Table structure for `mission`
-- ----------------------------
DROP TABLE IF EXISTS `mission`;
CREATE TABLE `mission` (
  `missionid` int(48) NOT NULL AUTO_INCREMENT,
  `name` varchar(48) NOT NULL,
  `description` varchar(300) DEFAULT NULL,
  `type` varchar(48) NOT NULL,
  `addeddate` datetime NOT NULL,
  `reward` varchar(100) DEFAULT NULL,
  `complete` double NOT NULL,
  `finish` double NOT NULL,
  `getreward` int(11) NOT NULL,
  PRIMARY KEY (`missionid`)
) ENGINE=InnoDB AUTO_INCREMENT=22 DEFAULT CHARSET=utf8;

-- ----------------------------
-- Records of mission
-- ----------------------------
INSERT INTO `mission` VALUES ('1', '完成1次写作', null, '日常任务', '2021-11-10 16:49:28', '20水晶', '0', '1', '0');
INSERT INTO `mission` VALUES ('2', '完成1次阅读', null, '日常任务', '2021-11-10 16:50:00', '25水晶', '0', '1', '0');
INSERT INTO `mission` VALUES ('3', '进行1次角色升级', null, '日常任务', '2021-11-10 16:53:08', '10水晶', '0', '1', '0');
INSERT INTO `mission` VALUES ('4', '进行1次抽奖', null, '日常任务', '2021-11-10 16:50:39', '3星角色书*1', '7', '1', '0');
INSERT INTO `mission` VALUES ('5', '完成6次冒险', null, '日常任务', '2021-11-10 16:51:07', '35水晶', '0', '6', '0');
INSERT INTO `mission` VALUES ('6', '进行1次60分钟冒险事件', null, '日常任务', '2021-11-10 16:51:26', '20水晶', '0', '1', '0');
INSERT INTO `mission` VALUES ('7', '专注8小时', null, '日常任务', '2021-11-10 16:53:36', '3星强化料*5', '0', '8', '0');
INSERT INTO `mission` VALUES ('8', '领取其他所有日常任务奖励', null, '日常任务', '2021-11-10 16:54:20', '记忆晶元', '0', '7', '0');
INSERT INTO `mission` VALUES ('9', '签到', null, '日常任务', '2021-11-10 16:55:01', '80水晶', '0', '0', '0');
INSERT INTO `mission` VALUES ('10', '编号余0事件累积5小时', null, '周常任务', '2021-11-10 16:59:06', '4星角色书*3', '5', '5', '0');
INSERT INTO `mission` VALUES ('11', '编号余1事件累积5小时', null, '周常任务', '2021-11-10 17:00:06', '4星角色书*3', '5', '5', '0');
INSERT INTO `mission` VALUES ('12', '编号余2事件累积5小时', null, '周常任务', '2021-11-10 17:00:03', '4星角色书*3', '5.2', '5', '0');
INSERT INTO `mission` VALUES ('13', '编号余3事件累积5小时', null, '周常任务', '2021-11-10 17:00:01', '4星强化料*3', '5', '5', '0');
INSERT INTO `mission` VALUES ('14', '编号余4事件累积5小时', null, '周常任务', '2021-11-10 16:59:58', '4星强化料*3', '5', '5', '0');
INSERT INTO `mission` VALUES ('15', '编号余5事件累积5小时', null, '周常任务', '2021-11-10 16:59:55', '4星强化料*3', '6', '5', '0');
INSERT INTO `mission` VALUES ('16', '编号余6事件累积5小时', null, '周常任务', '2021-11-10 16:59:52', '120水晶', '8', '5', '0');
INSERT INTO `mission` VALUES ('17', '专注40小时', null, '周常任务', '2021-11-10 17:01:16', '1000水晶', '41', '40', '0');
INSERT INTO `mission` VALUES ('18', '抽奖25次', null, '周常任务', '2021-11-10 17:01:39', '4星角色书*7', '31', '25', '0');
INSERT INTO `mission` VALUES ('19', '领取其他所有周常任务奖励', null, '周常任务', '2021-11-10 17:02:10', '记忆晶元*5', '0', '9', '0');
INSERT INTO `mission` VALUES ('20', '完结4部番剧', null, '版本任务', '2021-11-10 17:02:57', '1000水晶', '0', '4', '0');
INSERT INTO `mission` VALUES ('21', '新年计划', null, '年度任务', '2021-11-10 17:03:27', '5000水晶', '0', '8', '0');

-- ----------------------------
-- Table structure for `my_figure`
-- ----------------------------
DROP TABLE IF EXISTS `my_figure`;
CREATE TABLE `my_figure` (
  `my_figure_id` int(11) NOT NULL AUTO_INCREMENT,
  `my_figure_name` varchar(48) NOT NULL,
  `level` int(11) NOT NULL,
  `weapon` int(48) DEFAULT NULL,
  `stigma_up` int(48) DEFAULT NULL,
  `stigma_mid` int(48) DEFAULT NULL,
  `stigma_down` int(48) DEFAULT NULL,
  `love` double DEFAULT NULL,
  `moe` double NOT NULL,
  `yxr` double NOT NULL,
  `intimacy` double NOT NULL,
  `enthusiasm` double NOT NULL,
  `skin` varchar(48) NOT NULL,
  `fragment` int(11) NOT NULL,
  `grade` varchar(48) NOT NULL,
  `exp` int(11) NOT NULL,
  PRIMARY KEY (`my_figure_id`),
  KEY `fk_figure` (`my_figure_name`) USING BTREE,
  CONSTRAINT `my_figure_ibfk_1` FOREIGN KEY (`my_figure_name`) REFERENCES `figure` (`name`)
) ENGINE=InnoDB AUTO_INCREMENT=7 DEFAULT CHARSET=utf8;

-- ----------------------------
-- Records of my_figure
-- ----------------------------
INSERT INTO `my_figure` VALUES ('1', '各务原抚子', '60', null, null, null, null, '50', '55', '22', '56', '51', '各务原抚子_默认', '0', 'A', '182');
INSERT INTO `my_figure` VALUES ('2', '五更琉璃', '40', null, null, null, null, '50', '70', '33', '50', '92', '五更琉璃_默认', '18', 'A', '159');
INSERT INTO `my_figure` VALUES ('3', '恋冢小梦', '1', null, null, null, null, '0', '70', '41', '51', '96', '恋冢小梦_默认', '0', 'A', '0');
INSERT INTO `my_figure` VALUES ('4', '犬山葵', '1', null, null, null, null, '50', '47', '55', '49', '52', '犬山葵_默认', '0', 'A', '0');
INSERT INTO `my_figure` VALUES ('5', '高坂桐乃', '61', null, null, null, null, '142.69549999999998', '82', '108', '79', '40', '高坂桐乃_默认', '0', 'S', '548');
INSERT INTO `my_figure` VALUES ('6', '天真珈百璃', '1', null, null, null, null, '0', '66', '30', '71', '54', '天真珈百璃_默认', '0', 'A', '0');

-- ----------------------------
-- Table structure for `my_weapon`
-- ----------------------------
DROP TABLE IF EXISTS `my_weapon`;
CREATE TABLE `my_weapon` (
  `my_weapon_id` int(11) NOT NULL AUTO_INCREMENT,
  `name` varchar(48) NOT NULL,
  `level` int(11) NOT NULL,
  `moe` double NOT NULL,
  `awaken` int(11) NOT NULL,
  `equip_figure_name` varchar(48) DEFAULT NULL,
  PRIMARY KEY (`my_weapon_id`),
  KEY `FK_weapon_name` (`name`) USING BTREE,
  CONSTRAINT `my_weapon_ibfk_1` FOREIGN KEY (`name`) REFERENCES `weapon` (`name`)
) ENGINE=InnoDB AUTO_INCREMENT=6 DEFAULT CHARSET=utf8;

-- ----------------------------
-- Records of my_weapon
-- ----------------------------
INSERT INTO `my_weapon` VALUES ('4', '终末嗟叹之诗', '1', '93', '0', null);
INSERT INTO `my_weapon` VALUES ('5', '嘟嘟可故事集', '1', '41', '0', null);

-- ----------------------------
-- Table structure for `weapon`
-- ----------------------------
DROP TABLE IF EXISTS `weapon`;
CREATE TABLE `weapon` (
  `weapon_id` int(11) NOT NULL AUTO_INCREMENT,
  `name` varchar(48) NOT NULL,
  `type` varchar(48) NOT NULL,
  `grade` varchar(48) NOT NULL,
  `moe` double NOT NULL,
  `m_coefficient` double NOT NULL,
  `feature` varchar(48) DEFAULT NULL,
  `feature_info` varchar(100) DEFAULT NULL,
  `value1` int(11) DEFAULT NULL,
  `value2` int(11) DEFAULT NULL,
  `value3` int(11) DEFAULT NULL,
  `value4` int(11) DEFAULT NULL,
  `value5` int(11) DEFAULT NULL,
  PRIMARY KEY (`weapon_id`),
  KEY `name` (`name`) USING BTREE
) ENGINE=InnoDB AUTO_INCREMENT=16 DEFAULT CHARSET=utf8;

-- ----------------------------
-- Records of weapon
-- ----------------------------
INSERT INTO `weapon` VALUES ('1', '天空之脊', '长枪', '5', '96', '1.28', '斫断黑翼的利齿', '在事件完成时，有10%的概率额外获取$1$%的水晶', '40', '55', '70', '85', '100');
INSERT INTO `weapon` VALUES ('2', '西风长枪', '长枪', '4', '44', '1.11', null, null, null, null, null, null, null);
INSERT INTO `weapon` VALUES ('3', '决斗之枪', '长枪', '4', '70', '1.08', '', '', null, null, null, null, null);
INSERT INTO `weapon` VALUES ('4', '松籁响起之时', '重剑', '5', '98', '1.22', '揭旗的叛逆之歌', 'moe值被动提升$1$%', '16', '20', '24', '28', '32');
INSERT INTO `weapon` VALUES ('5', '西风大剑', '重剑', '4', '51', '1.12', null, null, null, null, null, null, null);
INSERT INTO `weapon` VALUES ('6', '黑岩斩刀', '重剑', '4', '55', '1.1', null, null, null, null, null, null, null);
INSERT INTO `weapon` VALUES ('7', '天空之刃', '短剑', '5', '76', '1.35', '穿刺高天的利齿', '装备角色眼睛为蓝色时，moe值提升$1$%', '20', '25', '30', '35', '40');
INSERT INTO `weapon` VALUES ('8', '暗巷闪光', '短剑', '4', '75', '1.06', null, null, null, null, null, null, null);
INSERT INTO `weapon` VALUES ('9', '西风剑', '短剑', '4', '41', '1.17', null, '', null, null, null, null, null);
INSERT INTO `weapon` VALUES ('10', '天空之卷', '法器', '5', '89', '1.25', '浮游四方的灵云', '在事件完成时，有10%的概率额外获取$1$%的时间储备', '12', '15', '18', '21', '24');
INSERT INTO `weapon` VALUES ('11', '嘟嘟可故事集', '法器', '4', '41', '1.16', null, null, null, null, null, null, null);
INSERT INTO `weapon` VALUES ('12', '万国诸海图谱', '法器', '4', '44', '1.15', null, null, null, null, null, null, null);
INSERT INTO `weapon` VALUES ('13', '终末嗟叹之诗', '弓箭', '5', '93', '1.32', '离别的思念之歌', '当角色获得额外加成的水晶时，该效果额外提升$1$%', '50', '75', '100', '125', '150');
INSERT INTO `weapon` VALUES ('14', '幽夜华尔兹', '弓箭', '4', '38', '1.16', null, null, null, null, null, null, null);
INSERT INTO `weapon` VALUES ('15', '风花之颂', '弓箭', '4', '42', '1.09', null, null, null, null, null, null, null);

-- ----------------------------
-- Table structure for `work`
-- ----------------------------
DROP TABLE IF EXISTS `work`;
CREATE TABLE `work` (
  `workid` int(11) NOT NULL AUTO_INCREMENT,
  `name` varchar(48) NOT NULL,
  `year` int(11) DEFAULT NULL,
  `company` varchar(48) DEFAULT NULL,
  PRIMARY KEY (`workid`),
  KEY `name` (`name`) USING BTREE
) ENGINE=InnoDB AUTO_INCREMENT=12 DEFAULT CHARSET=utf8;

-- ----------------------------
-- Records of work
-- ----------------------------
INSERT INTO `work` VALUES ('1', '摇曳百合', '2011', 'Animation Studio');
INSERT INTO `work` VALUES ('2', '我的妹妹哪有这么可爱', '2010', 'AIC');
INSERT INTO `work` VALUES ('3', '摇曳露营', '2018', 'C-Station');
INSERT INTO `work` VALUES ('4', 'Comic Girls', '2018', 'Nexus');
INSERT INTO `work` VALUES ('5', 'Slow Start', '2018', 'CloverWorks');
INSERT INTO `work` VALUES ('6', 'NEW GAME', '2016', 'Animation Studio');
INSERT INTO `work` VALUES ('7', '街角魔族', '2019', 'J.C.STAFF');
INSERT INTO `work` VALUES ('8', '轻音少女', '2009', 'Kyoto Animation');
INSERT INTO `work` VALUES ('9', '樱trick', '2014', 'Studio Deen');
INSERT INTO `work` VALUES ('10', '境界的彼方', '2013', 'Kyoto Animation');
INSERT INTO `work` VALUES ('11', '珈百璃的堕落', '2017', 'Animation Studio');
