CREATE DATABASE  IF NOT EXISTS `kirara_leoworld` /*!40100 DEFAULT CHARACTER SET utf8mb4 COLLATE utf8mb4_0900_ai_ci */ /*!80016 DEFAULT ENCRYPTION='N' */;
USE `kirara_leoworld`;
-- MySQL dump 10.13  Distrib 8.0.27, for Win64 (x86_64)
--
-- Host: localhost    Database: kirara_leoworld
-- ------------------------------------------------------
-- Server version	8.0.27

/*!40101 SET @OLD_CHARACTER_SET_CLIENT=@@CHARACTER_SET_CLIENT */;
/*!40101 SET @OLD_CHARACTER_SET_RESULTS=@@CHARACTER_SET_RESULTS */;
/*!40101 SET @OLD_COLLATION_CONNECTION=@@COLLATION_CONNECTION */;
/*!50503 SET NAMES utf8 */;
/*!40103 SET @OLD_TIME_ZONE=@@TIME_ZONE */;
/*!40103 SET TIME_ZONE='+00:00' */;
/*!40014 SET @OLD_UNIQUE_CHECKS=@@UNIQUE_CHECKS, UNIQUE_CHECKS=0 */;
/*!40014 SET @OLD_FOREIGN_KEY_CHECKS=@@FOREIGN_KEY_CHECKS, FOREIGN_KEY_CHECKS=0 */;
/*!40101 SET @OLD_SQL_MODE=@@SQL_MODE, SQL_MODE='NO_AUTO_VALUE_ON_ZERO' */;
/*!40111 SET @OLD_SQL_NOTES=@@SQL_NOTES, SQL_NOTES=0 */;

--
-- Table structure for table `adventure`
--

DROP TABLE IF EXISTS `adventure`;
/*!40101 SET @saved_cs_client     = @@character_set_client */;
/*!50503 SET character_set_client = utf8mb4 */;
CREATE TABLE `adventure` (
  `adventureid` int NOT NULL,
  `name` varchar(96) NOT NULL,
  `startdate` datetime NOT NULL,
  `enddate` datetime DEFAULT NULL,
  `planinvest` bigint NOT NULL,
  `nowinvest` bigint NOT NULL,
  `lastopendate` datetime NOT NULL,
  PRIMARY KEY (`adventureid`),
  KEY `name` (`name`)
) ENGINE=InnoDB DEFAULT CHARSET=utf8mb3;
/*!40101 SET character_set_client = @saved_cs_client */;

--
-- Dumping data for table `adventure`
--

LOCK TABLES `adventure` WRITE;
/*!40000 ALTER TABLE `adventure` DISABLE KEYS */;
INSERT INTO `adventure` VALUES (1,'写作','2020-10-19 17:56:56',NULL,6000,3296,'2022-01-07 17:33:58'),(2,'文学（二期）','2020-10-19 18:01:48',NULL,2000,1770,'2021-12-27 16:36:44'),(3,'心理学（初级）','2021-07-02 19:40:22',NULL,3000,670,'2021-08-16 17:42:47'),(4,'行政与日常','2020-11-15 14:59:49',NULL,6000,1525,'2021-12-20 11:13:43'),(5,'Go语言（初级）','2020-10-19 17:53:24',NULL,2400,200,'2021-06-01 14:50:10'),(6,'番剧鉴赏（进阶）','2020-10-19 17:48:07',NULL,6000,1230,'2021-08-29 18:27:35'),(7,'数学','2020-10-28 09:32:41',NULL,4800,915,'2021-12-26 22:14:10'),(8,'整理与思考（初级）','2021-06-28 23:03:07',NULL,3000,595,'2022-01-06 14:48:47'),(9,'语言同化（三期）','2020-10-19 18:03:02',NULL,4800,816,'2022-01-04 13:35:03'),(10,'经济学（初级）','2022-01-08 16:23:35',NULL,3000,0,'2022-01-08 16:23:35'),(11,'烹饪（初级）','2021-08-17 11:35:51',NULL,3000,35,'2021-08-18 11:08:51'),(12,'PR与AE（初级）','2021-12-29 15:53:59',NULL,3000,25,'2021-12-29 16:22:41'),(13,'游戏艺术（专业）','2021-06-21 11:12:00',NULL,24000,2200,'2022-01-08 16:19:22'),(14,'编程（进阶）','2021-07-06 21:17:43',NULL,6000,5695,'2022-01-03 21:34:25'),(15,'论文撰写（进阶）','2021-12-25 17:55:05',NULL,6000,355,'2022-01-05 20:17:17'),(16,'哲学历史（初级）','2022-01-08 16:42:00',NULL,3000,0,'2022-01-08 16:42:35'),(17,'法律（初级）','2022-01-08 16:45:00',NULL,3000,0,'2022-01-08 16:45:35'),(18,'社交','2022-01-08 16:46:00',NULL,2700,0,'2022-01-08 16:46:35'),(19,'唱歌（初级）','2022-01-08 16:49:00',NULL,2400,0,'2022-01-08 16:49:00'),(20,'音乐鉴赏（初级）','2021-07-04 20:42:33',NULL,2400,45,'2021-08-24 10:33:19'),(21,'AI科学（初级）','2022-01-08 16:51:00',NULL,3000,0,'2022-01-08 16:51:00'),(22,'视频整理（二期）','2020-10-19 18:50:22',NULL,6000,3605,'2022-01-02 13:01:05'),(4000,'论文撰写初级入门','2021-06-09 15:59:03','2021-12-25 17:50:24',3000,3010,'2021-12-25 17:50:24'),(4001,'完成开题 第二期','2020-10-29 16:38:08','2020-11-25 16:40:28',1200,1000,'2021-06-01 14:49:40'),(4002,'理解TF 第二期','2020-10-19 17:58:46','2020-11-29 23:02:57',2400,2415,'2021-06-01 14:50:16'),(4003,'理解tf 第三期','2020-11-30 09:26:35','2021-06-22 11:25:27',6000,1050,'2021-06-01 14:49:58'),(4004,'Coding初级入门','2020-10-24 15:27:05','2021-07-06 21:10:34',2400,2410,'2021-07-06 21:10:34'),(4005,'完成开题报告','2020-10-19 14:47:56','2020-10-29 16:37:16',1680,1725,'2021-06-01 14:49:31'),(4006,'立直麻将（进阶）','2020-10-30 22:54:48','2021-10-29 16:37:16',4800,540,'2021-10-24 21:51:21'),(4007,'Blender建模（初级）','2021-06-09 16:27:16','2022-01-08 16:46:35',3000,225,'2021-06-01 14:50:04');
/*!40000 ALTER TABLE `adventure` ENABLE KEYS */;
UNLOCK TABLES;

--
-- Table structure for table `figure`
--

DROP TABLE IF EXISTS `figure`;
/*!40101 SET @saved_cs_client     = @@character_set_client */;
/*!50503 SET character_set_client = utf8mb4 */;
CREATE TABLE `figure` (
  `figureid` int NOT NULL AUTO_INCREMENT,
  `name` varchar(48) NOT NULL,
  `root` varchar(48) DEFAULT NULL,
  `grade` varchar(10) DEFAULT NULL,
  `weapon_type` varchar(48) DEFAULT NULL,
  `feature` varchar(48) DEFAULT NULL,
  `feature_info` varchar(100) DEFAULT NULL,
  `moe` double NOT NULL,
  `yxr` double NOT NULL,
  `intimacy` double NOT NULL,
  `enthusiasm` double NOT NULL,
  `m_coefficient` double NOT NULL,
  `y_coefficient` double NOT NULL,
  `i_coefficient` double NOT NULL,
  `e_coefficient` double NOT NULL,
  `sound` varchar(48) DEFAULT NULL,
  `love` int DEFAULT NULL,
  `level` int DEFAULT NULL,
  `eyecolor` varchar(48) DEFAULT NULL,
  `haircolor` varchar(48) DEFAULT NULL,
  `skin` varchar(48) NOT NULL,
  PRIMARY KEY (`figureid`),
  KEY `fk_root` (`root`) USING BTREE,
  KEY `name` (`name`) USING BTREE,
  CONSTRAINT `figure_ibfk_1` FOREIGN KEY (`root`) REFERENCES `work` (`name`)
) ENGINE=InnoDB AUTO_INCREMENT=12 DEFAULT CHARSET=utf8mb3;
/*!40101 SET character_set_client = @saved_cs_client */;

--
-- Dumping data for table `figure`
--

LOCK TABLES `figure` WRITE;
/*!40000 ALTER TABLE `figure` DISABLE KEYS */;
INSERT INTO `figure` VALUES (1,'高坂桐乃','我的妹妹哪有这么可爱','S','短剑','亲妹妹','初始好感度变为二十，幼驯染值被动提高10%',82,108,79,40,1.16,1.21,1.12,1.1,'竹达彩奈',20,1,'蓝绿色','浅棕色','高坂桐乃_默认'),(2,'岁纳京子','摇曳百合','S','长枪','热情','冒险结束后获得10%的水晶加成',83,23,50,90,1.15,1.05,1.06,1.19,'大坪由佳',0,1,'蓝色','黄色','岁纳京子_默认'),(3,'五更琉璃','我的妹妹哪有这么可爱','A','重剑','第二类中二病','签到奖励增加20%',70,33,50,92,1.17,1.04,1.16,1.17,'花泽香菜',0,1,'蓝色','黑色','五更琉璃_默认'),(4,'平泽唯','轻音少女','S','弓箭','单线程天才','每日第五次完成番茄钟(大于等于25min)开始获得20%的水晶加成',100,66,91,100,1.24,1.16,1.12,1.2,'丰崎爱生',0,1,'棕色','棕色','平泽唯_默认'),(5,'恋冢小梦','Comic Girls','A','长枪','漫画的执念','武器加成+10%',70,41,51,96,1.09,1.19,1.1,1.15,'本渡枫',0,1,'钢蓝色','黄色','恋冢小梦_默认'),(6,'凉风青叶','NEW GAME','S','短剑','专心工作','提高5%的高品质材料加成',90,55,67,93,1.24,1.17,1.14,1.24,'高田忧希',0,1,'紫色','浅紫色','凉风青叶_魅魔'),(7,'八神光','NEW GAME','S','短剑 长枪','工作狂','每日早间签到奖励变为原来的3倍',88,45,90,95,1.25,1.11,1.15,1.06,'日笠阳子',0,1,'天蓝色','米黄色','八神光_默认'),(8,'各务原抚子','摇曳露营','A','重剑','天然呆','萌值被动提高8%',55,22,56,51,1.14,1.15,1.05,1.1,'花守由美里',0,1,'天蓝色','粉色','各务原抚子_默认'),(9,'犬山葵','摇曳露营','A','重剑','自强者','升阶所需碎片减少5%',47,55,49,52,1.15,1.16,1.17,1.04,'丰崎爱生',0,1,'草绿色','黄褐色','犬山葵_默认'),(10,'栗山未来','境界的彼方','S','法器','单纯与幸运','冒险时间增加10%，水晶奖励减少50%，高品质材料加成25%',70,57,66,98,1.17,1.18,1.15,1.06,'种田梨沙',0,1,'金色','茶色','栗山未来_默认'),(11,'天真珈百璃','珈百璃的堕落','A','长枪','天使宅女','武器升级时材料经验+20%',66,30,71,54,1.01,1.11,1.16,1.15,'富田美忧',0,1,'深蓝色','黄色','天真珈百璃_默认');
/*!40000 ALTER TABLE `figure` ENABLE KEYS */;
UNLOCK TABLES;

--
-- Table structure for table `knapsack`
--

DROP TABLE IF EXISTS `knapsack`;
/*!40101 SET @saved_cs_client     = @@character_set_client */;
/*!50503 SET character_set_client = utf8mb4 */;
CREATE TABLE `knapsack` (
  `id` int NOT NULL,
  `name` varchar(48) DEFAULT NULL,
  `number` int(11) unsigned zerofill NOT NULL,
  `type` varchar(48) NOT NULL,
  PRIMARY KEY (`id`)
) ENGINE=InnoDB DEFAULT CHARSET=utf8mb3;
/*!40101 SET character_set_client = @saved_cs_client */;

--
-- Dumping data for table `knapsack`
--

LOCK TABLES `knapsack` WRITE;
/*!40000 ALTER TABLE `knapsack` DISABLE KEYS */;
INSERT INTO `knapsack` VALUES (0,'记忆晶元',00000000010,'兑换材料'),(1,'4星强化料',00000000058,'消耗品'),(2,'3星强化料',00000000074,'消耗品'),(3,'2星强化料',00000000060,'消耗品'),(4,'4星角色书',00000000037,'消耗品'),(5,'3星角色书',00000000151,'消耗品'),(6,'2星角色书',00000000261,'消耗品');
/*!40000 ALTER TABLE `knapsack` ENABLE KEYS */;
UNLOCK TABLES;

--
-- Table structure for table `log_adventure`
--

DROP TABLE IF EXISTS `log_adventure`;
/*!40101 SET @saved_cs_client     = @@character_set_client */;
/*!50503 SET character_set_client = utf8mb4 */;
CREATE TABLE `log_adventure` (
  `adventure_id` int NOT NULL AUTO_INCREMENT,
  `name` varchar(48) DEFAULT NULL,
  `last_time` int NOT NULL,
  `starttime` datetime NOT NULL,
  `endtime` datetime NOT NULL,
  `crystal_add` int NOT NULL,
  `crystal_hold` int NOT NULL,
  `assistant` varchar(48) DEFAULT NULL,
  `remark` varchar(100) DEFAULT NULL,
  PRIMARY KEY (`adventure_id`)
) ENGINE=InnoDB AUTO_INCREMENT=446 DEFAULT CHARSET=utf8mb3;
/*!40101 SET character_set_client = @saved_cs_client */;

--
-- Dumping data for table `log_adventure`
--

LOCK TABLES `log_adventure` WRITE;
/*!40000 ALTER TABLE `log_adventure` DISABLE KEYS */;
INSERT INTO `log_adventure` VALUES (1,'心理学初级入门',10,'2021-08-16 17:42:35','2021-08-16 17:42:47',5,365,'各务原抚子',''),(2,'番剧鉴赏进阶学习',10,'2021-08-16 20:13:40','2021-08-16 20:23:54',5,370,'各务原抚子',''),(3,'Coding进阶学习',50,'2021-08-16 20:43:43','2021-08-16 21:36:52',256,626,'各务原抚子',''),(4,'Coding进阶学习',50,'2021-08-16 21:45:00','2021-08-16 22:35:17',256,882,'各务原抚子',''),(5,'Coding进阶学习',25,'2021-08-16 23:30:56','2021-08-16 23:31:24',110,1072,'各务原抚子',''),(7,'Coding进阶学习',50,'2021-08-17 09:18:45','2021-08-17 10:09:00',270,342,'各务原抚子',''),(8,'Coding进阶学习',50,'2021-08-17 10:42:53','2021-08-17 11:34:48',270,612,'各务原抚子',''),(9,'做饭初级入门',25,'2021-08-17 11:37:25','2021-08-17 12:02:32',110,722,'各务原抚子',''),(10,'Coding进阶学习',50,'2021-08-17 14:33:36','2021-08-17 15:23:47',270,992,'各务原抚子',''),(11,'Coding进阶学习',50,'2021-08-17 20:53:15','2021-08-17 21:45:04',270,1262,'各务原抚子',''),(12,'游戏娱乐专业训练',10,'2021-08-17 21:45:20','2021-08-17 21:55:43',6,1268,'各务原抚子',''),(13,'视频娱乐二阶段',10,'2021-08-17 21:55:49','2021-08-17 22:05:52',6,1274,'各务原抚子',''),(14,'视频娱乐二阶段',10,'2021-08-17 22:05:58','2021-08-17 22:16:23',6,1280,'各务原抚子',''),(15,'游戏娱乐专业训练',10,'2021-08-17 22:33:20','2021-08-17 22:43:43',6,1286,'各务原抚子',''),(16,'游戏娱乐专业训练',10,'2021-08-17 22:49:28','2021-08-17 22:59:32',6,1292,'各务原抚子',''),(17,'游戏娱乐专业训练',10,'2021-08-17 23:02:20','2021-08-17 23:12:43',6,1298,'各务原抚子',''),(18,'行政日常',50,'2021-08-18 08:17:18','2021-08-18 09:07:25',270,648,'各务原抚子',''),(19,'Coding进阶学习',50,'2021-08-18 10:04:29','2021-08-18 10:56:03',270,918,'各务原抚子',''),(20,'做饭初级入门',10,'2021-08-18 10:58:29','2021-08-18 11:08:51',6,924,'各务原抚子',''),(21,'Coding进阶学习',50,'2021-08-18 11:11:30','2021-08-18 12:03:11',270,1194,'各务原抚子',''),(22,'游戏娱乐专业训练',10,'2021-08-18 12:06:20','2021-08-18 12:16:44',6,1200,'各务原抚子',''),(23,'游戏娱乐专业训练',10,'2021-08-18 12:17:26','2021-08-18 12:27:30',56,1256,'各务原抚子',''),(24,'游戏娱乐专业训练',10,'2021-08-18 12:28:50','2021-08-18 12:39:11',6,1262,'各务原抚子',''),(25,'游戏娱乐专业训练',10,'2021-08-18 12:59:24','2021-08-18 13:09:27',6,1268,'各务原抚子',''),(26,'游戏娱乐专业训练',10,'2021-08-18 13:13:11','2021-08-18 13:23:14',6,1354,'各务原抚子',''),(27,'游戏娱乐专业训练',10,'2021-08-18 13:24:06','2021-08-18 13:34:27',56,1410,'各务原抚子',''),(28,'游戏娱乐专业训练',10,'2021-08-18 13:36:09','2021-08-18 13:46:31',6,1416,'各务原抚子',''),(29,'游戏娱乐专业训练',10,'2021-08-18 13:46:39','2021-08-18 13:56:42',6,1422,'各务原抚子',''),(30,'游戏娱乐专业训练',10,'2021-08-18 13:58:41','2021-08-18 14:09:04',6,1428,'各务原抚子',''),(31,'游戏娱乐专业训练',10,'2021-08-18 14:12:13','2021-08-18 14:22:16',6,1434,'各务原抚子',''),(32,'Coding进阶学习',50,'2021-08-18 14:28:19','2021-08-18 15:20:03',320,1754,'各务原抚子',''),(33,'Coding进阶学习',25,'2021-08-18 15:44:15','2021-08-18 16:10:02',110,1864,'各务原抚子','本次掉落物品:2星强化料5个'),(34,'游戏娱乐专业训练',10,'2021-08-18 17:39:33','2021-08-18 17:49:53',6,1870,'各务原抚子','本次掉落物品:4星强化料1个'),(35,'游戏娱乐专业训练',10,'2021-08-18 18:54:48','2021-08-18 19:05:06',6,1876,'各务原抚子','本次掉落物品:3星强化料2个'),(36,'游戏娱乐专业训练',10,'2021-08-18 19:19:20','2021-08-18 19:29:24',56,1932,'各务原抚子','本次掉落物品:50水晶'),(37,'游戏娱乐专业训练',10,'2021-08-18 20:47:31','2021-08-18 20:57:48',6,1938,'各务原抚子',''),(38,'Coding进阶学习',50,'2021-08-18 21:00:41','2021-08-18 21:52:06',320,2258,'各务原抚子','本次掉落物品:50水晶'),(39,'Coding进阶学习',25,'2021-08-18 21:55:25','2021-08-18 22:21:06',110,1248,'各务原抚子','本次掉落物品:2星强化料4个'),(40,'游戏娱乐专业训练',10,'2021-08-18 22:39:22','2021-08-18 22:49:41',6,1254,'各务原抚子',''),(41,'游戏娱乐专业训练',10,'2021-08-18 22:49:46','2021-08-18 23:00:04',6,1260,'各务原抚子',''),(42,'游戏娱乐专业训练',10,'2021-08-18 23:00:13','2021-08-18 23:10:15',6,1266,'各务原抚子',''),(43,'游戏娱乐专业训练',10,'2021-08-18 23:10:22','2021-08-18 23:20:24',6,1272,'各务原抚子',''),(44,'Coding进阶学习',50,'2021-08-20 16:42:32','2021-08-20 17:34:01',270,542,'各务原抚子','本次掉落物品:2星角色书2个'),(45,'游戏娱乐专业训练',10,'2021-08-20 18:06:25','2021-08-20 18:16:46',6,548,'各务原抚子',''),(46,'Coding进阶学习',50,'2021-08-20 20:03:57','2021-08-20 20:54:07',270,818,'各务原抚子','本次掉落物品:4星强化料1个'),(47,'游戏娱乐专业训练',10,'2021-08-21 07:12:21','2021-08-21 07:22:23',6,984,'各务原抚子',''),(48,'Coding进阶学习',50,'2021-08-21 17:57:51','2021-08-21 18:49:35',270,1254,'各务原抚子',''),(49,'Coding进阶学习',25,'2021-08-21 18:49:52','2021-08-21 19:14:59',110,364,'各务原抚子','本次掉落物品:2星角色书3个'),(50,'游戏娱乐专业训练',10,'2021-08-21 19:34:10','2021-08-21 19:44:26',6,370,'各务原抚子',''),(51,'游戏娱乐专业训练',10,'2021-08-21 19:44:35','2021-08-21 19:54:54',6,376,'各务原抚子',''),(52,'游戏娱乐专业训练',10,'2021-08-21 19:55:03','2021-08-21 20:05:22',6,382,'各务原抚子',''),(53,'游戏娱乐专业训练',10,'2021-08-21 20:08:07','2021-08-21 20:18:25',6,388,'各务原抚子',''),(54,'游戏娱乐专业训练',10,'2021-08-21 20:59:22','2021-08-21 21:09:24',6,394,'各务原抚子',''),(55,'游戏娱乐专业训练',10,'2021-08-21 21:44:55','2021-08-21 21:55:15',6,400,'各务原抚子',''),(56,'游戏娱乐专业训练',10,'2021-08-21 22:01:59','2021-08-21 22:12:23',6,406,'各务原抚子',''),(57,'游戏娱乐专业训练',10,'2021-08-22 08:58:22','2021-08-22 09:08:40',6,492,'各务原抚子',''),(58,'游戏娱乐专业训练',10,'2021-08-22 09:08:52','2021-08-22 09:18:54',6,498,'各务原抚子',''),(59,'游戏娱乐专业训练',10,'2021-08-22 09:23:16','2021-08-22 09:33:33',6,504,'各务原抚子',''),(60,'游戏娱乐专业训练',10,'2021-08-22 09:56:08','2021-08-22 10:06:26',6,510,'各务原抚子',''),(61,'游戏娱乐专业训练',10,'2021-08-22 10:32:30','2021-08-22 10:42:50',6,516,'各务原抚子',''),(62,'游戏娱乐专业训练',10,'2021-08-22 11:01:11','2021-08-22 11:11:13',6,522,'各务原抚子',''),(63,'Coding进阶学习',50,'2021-08-22 12:20:27','2021-08-22 13:10:43',270,792,'各务原抚子','本次掉落物品:4星角色书2个'),(64,'Coding进阶学习',50,'2021-08-22 16:09:59','2021-08-22 17:00:17',270,1062,'各务原抚子',''),(65,'Coding进阶学习',10,'2021-08-22 17:00:30','2021-08-22 17:10:34',6,1068,'各务原抚子',''),(66,'Coding进阶学习',50,'2021-08-22 17:13:06','2021-08-22 18:03:22',270,1338,'各务原抚子','本次掉落物品:2星角色书2个'),(67,'Coding进阶学习',25,'2021-08-22 18:32:42','2021-08-22 18:58:42',110,448,'各务原抚子','本次掉落物品:2星角色书4个'),(68,'Coding进阶学习',50,'2021-08-23 09:32:42','2021-08-23 10:22:56',270,718,'各务原抚子',''),(69,'Coding进阶学习',10,'2021-08-23 10:25:27','2021-08-23 10:35:45',6,724,'各务原抚子',''),(70,'写作提升',25,'2021-08-23 10:37:28','2021-08-23 11:02:34',110,834,'各务原抚子','本次掉落物品:2星强化料4个'),(71,'视频娱乐二阶段',10,'2021-08-23 11:02:45','2021-08-23 11:12:49',6,840,'各务原抚子',''),(72,'Coding进阶学习',50,'2021-08-23 11:17:48','2021-08-23 12:08:02',270,1110,'各务原抚子','本次掉落物品:记忆晶元'),(73,'Coding进阶学习',10,'2021-08-23 12:09:27','2021-08-23 12:19:31',6,116,'各务原抚子',''),(74,'游戏娱乐专业训练',10,'2021-08-23 12:19:50','2021-08-23 12:30:04',6,122,'各务原抚子',''),(75,'Coding进阶学习',50,'2021-08-23 13:45:02','2021-08-23 14:35:14',270,392,'各务原抚子','本次掉落物品:2星角色书4个'),(76,'Coding进阶学习',50,'2021-08-23 14:40:24','2021-08-23 15:31:58',270,662,'各务原抚子',''),(77,'视频娱乐二阶段',10,'2021-08-23 15:33:39','2021-08-23 15:43:53',6,668,'各务原抚子',''),(78,'Coding进阶学习',50,'2021-08-23 17:16:32','2021-08-23 18:08:02',270,938,'各务原抚子','本次掉落物品:2星角色书4个'),(79,'Coding进阶学习',25,'2021-08-23 18:19:08','2021-08-23 18:44:14',110,1048,'各务原抚子','本次掉落物品:2星强化料3个'),(80,'Coding进阶学习',25,'2021-08-23 21:59:41','2021-08-23 22:25:34',110,1158,'各务原抚子','本次掉落物品:2星角色书3个'),(81,'音乐鉴赏初级入门',10,'2021-08-24 10:23:17','2021-08-24 10:33:19',6,164,'各务原抚子',''),(82,'写作提升',25,'2021-08-24 10:45:44','2021-08-24 11:10:52',110,274,'各务原抚子',''),(83,'Coding进阶学习',50,'2021-08-24 11:22:31','2021-08-24 12:14:10',270,544,'各务原抚子','本次掉落物品:2星强化料2个'),(84,'游戏娱乐专业训练',10,'2021-08-24 13:20:04','2021-08-24 13:30:07',6,630,'各务原抚子',''),(85,'游戏娱乐专业训练',10,'2021-08-24 13:30:15','2021-08-24 13:40:17',6,636,'各务原抚子',''),(86,'Coding进阶学习',25,'2021-08-24 14:04:12','2021-08-24 14:29:59',110,746,'各务原抚子',''),(87,'Coding进阶学习',50,'2021-08-24 15:27:29','2021-08-24 16:17:37',270,1016,'各务原抚子','本次掉落物品:3星角色书1个'),(88,'Coding进阶学习',50,'2021-08-24 16:45:47','2021-08-24 17:37:09',270,1286,'各务原抚子',''),(89,'语言同化 第三期',25,'2021-08-24 17:58:14','2021-08-24 18:23:46',110,836,'各务原抚子','本次掉落物品:4星角色书1个'),(90,'Coding进阶学习',25,'2021-08-24 22:19:42','2021-08-24 22:44:48',110,946,'各务原抚子','本次掉落物品:2星强化料4个'),(91,'Coding进阶学习',25,'2021-08-24 23:41:24','2021-08-25 00:06:31',110,1136,'各务原抚子','本次掉落物品:2星角色书5个'),(92,'写作提升',25,'2021-08-25 09:23:42','2021-08-25 09:49:28',110,966,'各务原抚子',''),(93,'视频娱乐二阶段',10,'2021-08-25 09:49:43','2021-08-25 09:59:46',6,972,'各务原抚子',''),(94,'Coding进阶学习',50,'2021-08-25 10:21:27','2021-08-25 11:13:00',270,1242,'各务原抚子','本次掉落物品:2星强化料3个'),(95,'Coding进阶学习',50,'2021-08-25 11:18:01','2021-08-25 12:08:11',270,512,'各务原抚子','本次掉落物品:记忆晶元'),(96,'Coding进阶学习',25,'2021-08-25 12:42:36','2021-08-25 13:08:21',110,622,'各务原抚子','本次掉落物品:2星强化料5个'),(97,'Coding进阶学习',50,'2021-08-25 14:19:07','2021-08-25 15:11:01',270,892,'各务原抚子','本次掉落物品:3星角色书3个'),(98,'Coding进阶学习',50,'2021-08-25 17:06:17','2021-08-25 17:57:51',270,1162,'各务原抚子',''),(99,'Coding进阶学习',50,'2021-08-25 19:33:31','2021-08-25 20:25:18',270,1432,'各务原抚子','本次掉落物品:4星角色书2个'),(100,'Coding进阶学习',50,'2021-08-25 20:41:15','2021-08-25 21:31:22',270,1702,'各务原抚子','本次掉落物品:4星角色书2个'),(101,'Coding进阶学习',25,'2021-08-25 22:37:21','2021-08-25 23:03:01',100,962,'五更琉璃',''),(102,'Coding进阶学习',10,'2021-08-25 23:03:31','2021-08-25 23:13:47',5,967,'五更琉璃',''),(103,'Coding进阶学习',25,'2021-08-25 23:37:33','2021-08-26 00:02:37',100,1067,'五更琉璃','本次掉落物品:2星强化料5个'),(104,'写作提升',10,'2021-08-26 09:02:41','2021-08-26 09:13:16',5,72,'五更琉璃',''),(105,'写作提升',25,'2021-08-26 09:13:27','2021-08-26 09:38:33',100,172,'五更琉璃',''),(106,'Coding进阶学习',10,'2021-08-26 09:38:39','2021-08-26 09:49:04',5,177,'五更琉璃',''),(107,'Coding进阶学习',50,'2021-08-26 10:07:13','2021-08-26 10:58:59',245,422,'五更琉璃','本次掉落物品:2星强化料5个'),(108,'Coding进阶学习',10,'2021-08-26 10:59:15','2021-08-26 11:09:36',5,427,'五更琉璃',''),(109,'Coding进阶学习',50,'2021-08-26 11:11:34','2021-08-26 12:01:43',245,672,'五更琉璃','本次掉落物品:2星角色书5个'),(110,'Coding进阶学习',50,'2021-08-26 14:37:16','2021-08-26 15:28:39',245,917,'五更琉璃',''),(111,'Coding进阶学习',10,'2021-08-26 15:30:41','2021-08-26 15:40:44',5,922,'五更琉璃',''),(112,'Coding进阶学习',50,'2021-08-26 15:41:11','2021-08-26 16:32:46',245,1167,'五更琉璃',''),(113,'Coding进阶学习',10,'2021-08-26 16:32:57','2021-08-26 16:43:22',5,1172,'五更琉璃',''),(114,'Coding进阶学习',50,'2021-08-26 16:44:31','2021-08-26 17:34:41',245,1417,'五更琉璃','本次掉落物品:2星角色书3个'),(115,'视频娱乐二阶段',10,'2021-08-26 17:41:10','2021-08-26 17:51:13',5,1422,'五更琉璃',''),(116,'Coding进阶学习',10,'2021-08-26 18:00:04','2021-08-26 18:10:08',5,1427,'五更琉璃',''),(117,'Coding进阶学习',25,'2021-08-26 18:13:29','2021-08-26 18:39:14',100,1527,'五更琉璃',''),(118,'Coding进阶学习',25,'2021-08-27 06:47:35','2021-08-27 07:13:28',100,723,'五更琉璃',''),(119,'Coding进阶学习',50,'2021-08-27 11:02:05','2021-08-27 11:52:15',270,993,'各务原抚子',''),(120,'视频娱乐二阶段',10,'2021-08-27 11:54:32','2021-08-27 12:04:54',6,999,'各务原抚子',''),(121,'写作提升',25,'2021-08-27 12:16:10','2021-08-27 12:41:57',110,1109,'各务原抚子','本次掉落物品:4星角色书1个'),(122,'Coding进阶学习',25,'2021-08-27 13:14:12','2021-08-27 13:39:53',110,1315,'各务原抚子','本次掉落物品:4星强化料1个'),(123,'Coding进阶学习',10,'2021-08-27 13:47:37','2021-08-27 13:57:52',6,1321,'各务原抚子',''),(124,'Coding进阶学习',50,'2021-08-27 16:32:04','2021-08-27 17:23:31',270,1591,'各务原抚子','本次掉落物品:2星强化料5个'),(125,'视频娱乐二阶段',10,'2021-08-27 17:32:12','2021-08-27 17:42:32',6,1597,'各务原抚子',''),(126,'视频娱乐二阶段',10,'2021-08-27 19:01:49','2021-08-27 19:12:08',6,763,'各务原抚子',''),(127,'立直麻将进阶学习',25,'2021-08-27 20:04:58','2021-08-27 20:30:01',110,873,'各务原抚子','本次掉落物品:3星角色书2个'),(128,'立直麻将进阶学习',10,'2021-08-27 20:30:14','2021-08-27 20:40:25',6,879,'各务原抚子',''),(129,'立直麻将进阶学习',10,'2021-08-27 20:40:33','2021-08-27 20:50:44',6,885,'各务原抚子',''),(130,'Coding进阶学习',50,'2021-08-27 21:11:42','2021-08-27 22:01:51',270,1155,'各务原抚子',''),(131,'Coding进阶学习',10,'2021-08-27 22:11:07','2021-08-27 22:21:25',6,1161,'各务原抚子',''),(132,'Coding进阶学习',10,'2021-08-27 22:21:30','2021-08-27 22:31:48',6,1167,'各务原抚子',''),(133,'Coding进阶学习',50,'2021-08-28 08:14:35','2021-08-28 09:04:45',270,1237,'各务原抚子','本次掉落物品:2星强化料2个'),(134,'Coding进阶学习',25,'2021-08-28 09:04:57','2021-08-28 09:30:41',110,347,'各务原抚子','本次掉落物品:2星强化料4个'),(135,'Coding进阶学习',50,'2021-08-28 11:19:52','2021-08-28 12:11:21',270,617,'各务原抚子',''),(136,'立直麻将进阶学习',25,'2021-08-28 12:15:30','2021-08-28 12:40:57',110,727,'各务原抚子','本次掉落物品:2星强化料4个'),(137,'立直麻将进阶学习',10,'2021-08-28 12:41:05','2021-08-28 12:51:16',6,733,'各务原抚子',''),(138,'立直麻将进阶学习',10,'2021-08-28 12:51:23','2021-08-28 13:01:25',6,739,'各务原抚子',''),(139,'立直麻将进阶学习',10,'2021-08-28 13:01:31','2021-08-28 13:11:43',6,745,'各务原抚子',''),(140,'视频娱乐二阶段',10,'2021-08-28 13:35:34','2021-08-28 13:45:37',6,751,'各务原抚子',''),(141,'Coding进阶学习',50,'2021-08-28 15:36:10','2021-08-28 16:26:18',270,1021,'各务原抚子',''),(142,'Coding进阶学习',10,'2021-08-28 16:26:28','2021-08-28 16:36:31',6,1027,'各务原抚子',''),(143,'Coding进阶学习',50,'2021-08-28 16:36:37','2021-08-28 17:26:46',270,1297,'各务原抚子','本次掉落物品:2星角色书3个'),(144,'Coding进阶学习',10,'2021-08-28 17:48:08','2021-08-28 17:58:26',6,1303,'各务原抚子',''),(145,'Coding进阶学习',10,'2021-08-28 17:58:31','2021-08-28 18:08:51',6,1309,'各务原抚子',''),(146,'Coding进阶学习',10,'2021-08-28 18:08:58','2021-08-28 18:19:00',6,1315,'各务原抚子',''),(147,'Coding进阶学习',10,'2021-08-28 18:19:05','2021-08-28 18:29:08',6,1321,'各务原抚子',''),(148,'Coding进阶学习',10,'2021-08-28 18:35:02','2021-08-28 18:45:04',6,1327,'各务原抚子',''),(149,'Coding进阶学习',10,'2021-08-28 18:55:43','2021-08-28 19:05:46',6,1333,'各务原抚子',''),(150,'Coding进阶学习',50,'2021-08-28 19:46:28','2021-08-28 20:37:47',270,1043,'各务原抚子','本次掉落物品:3星强化料3个'),(151,'Coding进阶学习',50,'2021-08-28 21:31:21','2021-08-28 22:22:39',270,1313,'各务原抚子','本次掉落物品:2星角色书2个'),(152,'Coding进阶学习',25,'2021-08-28 22:42:08','2021-08-28 23:07:45',110,959,'各务原抚子','本次掉落物品:2星角色书5个'),(153,'Coding进阶学习',25,'2021-08-29 08:26:04','2021-08-29 08:51:48',110,165,'各务原抚子','本次掉落物品:3星角色书1个'),(154,'Coding进阶学习',10,'2021-08-29 08:58:14','2021-08-29 09:08:31',6,171,'各务原抚子',''),(155,'Coding进阶学习',25,'2021-08-29 09:28:47','2021-08-29 09:54:34',110,281,'各务原抚子','本次掉落物品:2星角色书4个'),(156,'Coding进阶学习',25,'2021-08-29 12:53:53','2021-08-29 13:19:05',110,391,'各务原抚子','本次掉落物品:2星强化料4个'),(157,'写作提升',10,'2021-08-29 13:19:22','2021-08-29 13:29:24',6,493,'各务原抚子',''),(158,'番剧鉴赏进阶学习',25,'2021-08-29 17:25:59','2021-08-29 17:51:31',110,603,'各务原抚子',''),(159,'番剧鉴赏进阶学习',10,'2021-08-29 17:51:38','2021-08-29 18:01:52',6,609,'各务原抚子',''),(160,'番剧鉴赏进阶学习',25,'2021-08-29 18:01:58','2021-08-29 18:27:35',110,719,'各务原抚子','本次掉落物品:3星强化料1个'),(161,'视频娱乐二阶段',10,'2021-08-29 18:27:55','2021-08-29 18:38:12',6,725,'各务原抚子',''),(162,'视频娱乐二阶段',10,'2021-08-29 18:41:56','2021-08-29 18:52:13',6,731,'各务原抚子',''),(163,'视频娱乐二阶段',10,'2021-08-29 19:22:11','2021-08-29 19:32:26',6,737,'各务原抚子',''),(164,'视频娱乐二阶段',10,'2021-08-29 19:33:39','2021-08-29 19:43:47',6,743,'各务原抚子',''),(165,'视频娱乐二阶段',10,'2021-08-29 19:52:35','2021-08-29 20:02:37',6,749,'各务原抚子',''),(166,'视频娱乐二阶段',10,'2021-08-29 20:33:33','2021-08-29 20:43:47',6,755,'各务原抚子',''),(167,'视频娱乐二阶段',10,'2021-08-29 20:44:03','2021-08-29 20:54:18',6,761,'各务原抚子',''),(168,'视频娱乐二阶段',10,'2021-08-29 20:54:47','2021-08-29 21:04:49',6,767,'各务原抚子',''),(169,'视频娱乐二阶段',10,'2021-08-29 21:30:47','2021-08-29 21:41:01',6,773,'各务原抚子',''),(170,'游戏娱乐专业训练',10,'2021-08-29 21:45:27','2021-08-29 21:55:46',6,779,'各务原抚子',''),(171,'游戏娱乐专业训练',10,'2021-08-30 07:14:17','2021-08-30 07:24:19',6,880,'各务原抚子',''),(172,'游戏娱乐专业训练',10,'2021-08-30 07:29:02','2021-08-30 07:39:19',6,886,'各务原抚子',''),(173,'游戏娱乐专业训练',10,'2021-08-30 07:42:29','2021-08-30 07:52:46',6,892,'各务原抚子',''),(174,'游戏娱乐专业训练',10,'2021-08-30 07:53:37','2021-08-30 08:03:55',6,898,'各务原抚子',''),(175,'游戏娱乐专业训练',10,'2021-08-30 08:30:54','2021-08-30 08:41:11',6,904,'各务原抚子',''),(176,'游戏娱乐专业训练',10,'2021-08-30 09:14:39','2021-08-30 09:24:57',6,910,'各务原抚子',''),(177,'游戏娱乐专业训练',10,'2021-08-30 09:45:07','2021-08-30 09:55:24',6,916,'各务原抚子',''),(178,'游戏娱乐专业训练',10,'2021-08-30 09:55:43','2021-08-30 10:06:01',6,922,'各务原抚子',''),(179,'游戏娱乐专业训练',10,'2021-08-30 11:10:13','2021-08-30 11:20:15',6,928,'各务原抚子',''),(180,'游戏娱乐专业训练',10,'2021-08-30 11:21:00','2021-08-30 11:31:02',6,934,'各务原抚子',''),(181,'游戏娱乐专业训练',10,'2021-08-30 11:31:12','2021-08-30 11:41:33',6,940,'各务原抚子',''),(182,'游戏娱乐专业训练',10,'2021-08-30 11:51:40','2021-08-30 12:01:42',6,946,'各务原抚子',''),(183,'游戏娱乐专业训练',10,'2021-08-30 12:53:32','2021-08-30 13:03:34',6,952,'各务原抚子',''),(184,'游戏娱乐专业训练',10,'2021-08-30 14:55:39','2021-08-30 15:06:00',6,958,'各务原抚子',''),(185,'Coding进阶学习',50,'2021-08-30 19:22:33','2021-08-30 20:12:40',270,388,'各务原抚子','本次掉落物品:4星角色书2个'),(186,'Coding进阶学习',10,'2021-08-30 20:16:57','2021-08-30 20:27:11',6,114,'各务原抚子',''),(187,'Coding进阶学习',50,'2021-08-30 20:27:22','2021-08-30 21:18:40',270,384,'各务原抚子','本次掉落物品:2星强化料5个'),(188,'Coding进阶学习',25,'2021-08-30 22:16:37','2021-08-30 22:42:17',110,494,'各务原抚子','本次掉落物品:2星角色书4个'),(189,'Coding进阶学习',25,'2021-08-30 22:42:42','2021-08-30 23:07:46',110,140,'各务原抚子','本次掉落物品:2星角色书4个'),(190,'游戏娱乐专业训练',10,'2021-08-31 09:48:52','2021-08-31 09:59:08',6,145,'各务原抚子',''),(191,'游戏娱乐专业训练',10,'2021-08-31 10:00:09','2021-08-31 10:10:26',6,151,'各务原抚子',''),(192,'游戏娱乐专业训练',10,'2021-08-31 10:11:18','2021-08-31 10:21:37',6,157,'各务原抚子',''),(193,'游戏娱乐专业训练',10,'2021-08-31 10:27:26','2021-08-31 10:37:44',6,163,'各务原抚子',''),(194,'游戏娱乐专业训练',10,'2021-08-31 10:37:53','2021-08-31 10:48:09',6,169,'各务原抚子',''),(195,'游戏娱乐专业训练',10,'2021-08-31 12:33:21','2021-08-31 12:43:39',6,175,'各务原抚子',''),(196,'游戏娱乐专业训练',10,'2021-08-31 12:44:40','2021-08-31 12:54:43',6,181,'各务原抚子',''),(197,'游戏娱乐专业训练',10,'2021-08-31 12:54:49','2021-08-31 13:05:06',6,187,'各务原抚子',''),(198,'游戏娱乐专业训练',10,'2021-08-31 13:05:19','2021-08-31 13:15:36',6,289,'各务原抚子',''),(199,'游戏娱乐专业训练',10,'2021-08-31 14:16:22','2021-08-31 14:26:40',6,295,'各务原抚子',''),(200,'游戏娱乐专业训练',10,'2021-08-31 14:26:45','2021-08-31 14:37:02',6,301,'各务原抚子',''),(201,'Coding进阶学习',50,'2021-08-31 16:19:10','2021-08-31 17:10:31',270,571,'各务原抚子','本次掉落物品:2星强化料2个'),(202,'Coding进阶学习',25,'2021-08-31 17:21:26','2021-08-31 17:46:31',110,681,'各务原抚子',''),(203,'Coding进阶学习',50,'2021-08-31 20:00:00','2021-08-31 20:51:19',270,951,'各务原抚子','本次掉落物品:3星强化料3个'),(204,'Coding进阶学习',10,'2021-08-31 20:51:25','2021-08-31 21:01:27',6,957,'各务原抚子',''),(205,'游戏娱乐专业训练',10,'2021-09-01 07:54:53','2021-09-01 08:05:07',6,1058,'各务原抚子',''),(206,'游戏娱乐专业训练',10,'2021-09-01 09:15:46','2021-09-01 09:26:03',6,1064,'各务原抚子',''),(207,'Coding进阶学习',50,'2021-09-01 09:53:44','2021-09-01 10:45:08',270,1334,'各务原抚子',''),(208,'Coding进阶学习',50,'2021-09-02 11:10:37','2021-09-02 12:00:47',270,1683,'各务原抚子','本次掉落物品:记忆晶元'),(209,'Coding进阶学习',50,'2021-09-02 15:48:55','2021-09-02 16:40:40',270,273,'各务原抚子','本次掉落物品:3星角色书2个'),(210,'Coding进阶学习',50,'2021-09-02 20:26:54','2021-09-02 21:18:26',270,543,'各务原抚子','本次掉落物品:3星角色书1个'),(211,'Coding进阶学习',50,'2021-09-08 20:56:25','2021-09-08 21:46:33',270,812,'各务原抚子','本次掉落物品:3星角色书1个'),(212,'Coding进阶学习',50,'2021-09-08 22:01:17','2021-09-08 22:51:25',270,1082,'各务原抚子','本次掉落物品:4星强化料2个'),(213,'Coding进阶学习',50,'2021-09-09 11:29:47','2021-09-09 12:19:57',270,1431,'各务原抚子','本次掉落物品:3星强化料2个'),(214,'Coding进阶学习',10,'2021-09-09 12:26:13','2021-09-09 12:36:35',6,1437,'各务原抚子',''),(215,'游戏娱乐专业训练',10,'2021-09-09 19:18:59','2021-09-09 19:29:16',6,1443,'各务原抚子',''),(216,'视频娱乐二阶段',10,'2021-09-09 20:33:36','2021-09-09 20:43:49',6,1449,'各务原抚子',''),(217,'Coding进阶学习',50,'2021-09-09 20:46:58','2021-09-09 21:37:08',270,1719,'各务原抚子','本次掉落物品:3星强化料1个'),(218,'Coding进阶学习',10,'2021-09-09 21:37:20','2021-09-09 21:47:38',6,1725,'各务原抚子',''),(219,'Coding进阶学习',50,'2021-09-10 10:32:11','2021-09-10 11:22:20',270,2074,'各务原抚子','本次掉落物品:2星强化料5个'),(220,'Coding进阶学习',10,'2021-09-10 11:25:26','2021-09-10 11:35:31',6,2080,'各务原抚子',''),(221,'Coding进阶学习',25,'2021-09-10 11:35:54','2021-09-10 12:00:59',110,2190,'各务原抚子',''),(222,'游戏娱乐专业训练',25,'2021-09-10 12:04:02','2021-09-10 12:29:43',110,2300,'各务原抚子',''),(223,'Coding进阶学习',50,'2021-09-11 10:11:13','2021-09-11 11:02:43',270,2649,'各务原抚子','本次掉落物品:3星强化料2个'),(224,'Coding进阶学习',50,'2021-09-11 11:22:05','2021-09-11 12:13:27',270,2919,'各务原抚子','本次掉落物品:记忆晶元'),(225,'Coding进阶学习',25,'2021-09-11 15:16:35','2021-09-11 15:41:40',110,3029,'各务原抚子','本次掉落物品:2星强化料4个'),(226,'Coding进阶学习',50,'2021-09-13 10:29:32','2021-09-13 11:21:14',270,3298,'各务原抚子','本次掉落物品:4星角色书1个'),(227,'游戏娱乐专业训练',10,'2021-09-13 11:49:51','2021-09-13 11:59:54',6,3304,'各务原抚子',''),(228,'游戏娱乐专业训练',10,'2021-09-13 12:20:51','2021-09-13 12:30:54',6,3310,'各务原抚子',''),(229,'论文撰写初级入门',50,'2021-09-13 16:50:02','2021-09-13 17:40:10',270,3580,'各务原抚子','本次掉落物品:2星角色书4个'),(230,'Coding进阶学习',10,'2021-09-13 18:05:26','2021-09-13 18:15:44',6,3586,'各务原抚子',''),(231,'Coding进阶学习',50,'2021-09-13 19:01:11','2021-09-13 19:52:41',270,3856,'各务原抚子',''),(232,'Coding进阶学习',50,'2021-09-14 09:39:53','2021-09-14 10:31:20',270,4205,'各务原抚子','本次掉落物品:2星强化料4个'),(233,'Coding进阶学习',10,'2021-09-14 11:45:02','2021-09-14 11:55:17',6,4211,'各务原抚子',''),(234,'游戏娱乐专业训练',60,'2021-09-14 11:55:30','2021-09-14 12:55:36',319,4530,'各务原抚子',''),(235,'论文撰写初级入门',10,'2021-09-14 16:32:11','2021-09-14 16:42:33',6,4536,'各务原抚子',''),(236,'论文撰写初级入门',50,'2021-09-14 16:49:27','2021-09-14 17:39:40',270,4806,'各务原抚子','本次掉落物品:4星强化料1个'),(237,'阅读晋升 第二期',10,'2021-09-14 17:48:41','2021-09-14 17:59:01',6,4812,'各务原抚子',''),(238,'阅读晋升 第二期',25,'2021-09-14 17:59:52','2021-09-14 18:25:39',110,4922,'各务原抚子','本次掉落物品:2星角色书4个'),(239,'Coding进阶学习',50,'2021-09-14 19:46:52','2021-09-14 20:38:25',270,5192,'各务原抚子','本次掉落物品:3星角色书2个'),(240,'Coding进阶学习',10,'2021-09-14 20:46:47','2021-09-14 20:56:51',6,5198,'各务原抚子',''),(241,'论文撰写初级入门',50,'2021-09-14 21:07:45','2021-09-14 21:58:56',270,5468,'各务原抚子','本次掉落物品:2星角色书4个'),(242,'论文撰写初级入门',25,'2021-09-15 11:54:04','2021-09-15 12:19:51',110,5657,'各务原抚子','本次掉落物品:4星角色书2个'),(243,'Coding进阶学习',25,'2021-09-16 10:53:29','2021-09-16 11:19:22',140,1876,'高坂桐乃','本次掉落物品:2星角色书2个'),(244,'Coding进阶学习',25,'2021-09-16 11:19:31','2021-09-16 11:44:37',140,2016,'高坂桐乃','本次掉落物品:2星强化料5个'),(245,'Coding进阶学习',25,'2021-09-16 11:44:43','2021-09-16 12:10:31',140,2156,'高坂桐乃','本次掉落物品:2星强化料3个'),(246,'视频娱乐二阶段',10,'2021-09-16 12:10:39','2021-09-16 12:20:59',7,2163,'高坂桐乃',''),(247,'Coding进阶学习',50,'2021-09-16 20:26:31','2021-09-16 21:18:09',343,2506,'高坂桐乃',''),(248,'视频娱乐二阶段',10,'2021-09-16 21:18:35','2021-09-16 21:28:56',7,2513,'高坂桐乃',''),(249,'视频娱乐二阶段',10,'2021-09-16 21:42:11','2021-09-16 21:52:14',7,2520,'高坂桐乃',''),(250,'视频娱乐二阶段',10,'2021-09-16 21:52:18','2021-09-16 22:02:21',7,2527,'高坂桐乃',''),(251,'视频娱乐二阶段',10,'2021-09-16 22:17:15','2021-09-16 22:27:18',7,2534,'高坂桐乃',''),(252,'论文撰写初级入门',50,'2021-09-27 16:07:52','2021-09-27 16:58:05',232,2861,'犬山葵','本次掉落物品:4星强化料2个'),(253,'论文撰写初级入门',10,'2021-09-27 20:39:56','2021-09-27 20:50:13',5,2866,'犬山葵',''),(254,'Coding进阶学习',25,'2021-09-29 11:24:53','2021-09-29 11:50:31',94,2959,'犬山葵','本次掉落物品:2星强化料2个'),(255,'阅读晋升 第二期',50,'2021-09-29 17:20:26','2021-09-29 18:10:39',232,3191,'犬山葵','本次掉落物品:2星强化料2个'),(256,'阅读晋升 第二期',25,'2021-09-29 19:17:22','2021-09-29 19:43:03',94,3285,'犬山葵','本次掉落物品:3星角色书1个'),(257,'阅读晋升 第二期',25,'2021-09-29 19:48:01','2021-09-29 20:13:08',94,3379,'犬山葵','本次掉落物品:2星角色书5个'),(258,'论文撰写初级入门',10,'2021-09-29 20:43:43','2021-09-29 20:53:45',5,3384,'犬山葵',''),(259,'Coding进阶学习',50,'2021-09-30 09:50:02','2021-09-30 10:41:28',232,3615,'犬山葵',''),(260,'论文撰写初级入门',25,'2021-09-30 11:25:18','2021-09-30 11:50:50',94,3709,'犬山葵','本次掉落物品:2星强化料4个'),(261,'论文撰写初级入门',50,'2021-09-30 15:37:23','2021-09-30 16:28:39',232,3941,'犬山葵','本次掉落物品:2星强化料5个'),(262,'论文撰写初级入门',50,'2021-10-01 12:32:14','2021-10-01 13:23:45',232,4172,'犬山葵',''),(263,'论文撰写初级入门',10,'2021-10-01 15:58:08','2021-10-01 16:08:28',5,4177,'犬山葵',''),(264,'Coding进阶学习',25,'2021-10-22 14:04:55','2021-10-22 14:30:00',94,4270,'犬山葵','本次掉落物品:3星角色书1个'),(265,'语言同化 第三期',50,'2021-10-24 16:21:53','2021-10-24 17:13:12',232,4501,'犬山葵','本次掉落物品:2星角色书3个'),(266,'语言同化 第三期',10,'2021-10-24 17:13:46','2021-10-24 17:23:58',5,4506,'犬山葵',''),(267,'语言同化 第三期',50,'2021-10-24 17:25:47','2021-10-24 18:16:51',232,4738,'犬山葵','本次掉落物品:2星角色书5个'),(268,'立直麻将进阶学习',25,'2021-10-24 20:50:15','2021-10-24 21:15:22',140,4878,'高坂桐乃','本次掉落物品:记忆晶元'),(269,'立直麻将进阶学习',25,'2021-10-24 21:15:44','2021-10-24 21:40:51',140,5018,'高坂桐乃',''),(270,'立直麻将进阶学习',10,'2021-10-24 21:40:58','2021-10-24 21:51:21',7,5025,'高坂桐乃',''),(271,'Coding进阶学习',25,'2021-10-26 15:16:53','2021-10-26 15:42:00',140,5164,'高坂桐乃','本次掉落物品:3星角色书3个'),(272,'Coding进阶学习',50,'2021-10-26 16:04:13','2021-10-26 16:55:55',343,5507,'高坂桐乃','本次掉落物品:2星角色书4个'),(273,'写作提升',50,'2021-11-01 15:48:06','2021-11-01 16:39:17',343,5849,'高坂桐乃','本次掉落物品:2星强化料4个'),(274,'阅读晋升 第二期',25,'2021-11-08 21:01:28','2021-11-08 21:27:04',140,5988,'高坂桐乃',''),(275,'论文撰写初级入门',50,'2021-11-09 10:14:21','2021-11-09 11:05:35',343,6330,'高坂桐乃',''),(276,'论文撰写初级入门',10,'2021-11-09 11:07:43','2021-11-09 11:17:45',7,6337,'高坂桐乃',''),(277,'Coding进阶学习',50,'2021-11-09 11:18:31','2021-11-09 12:09:43',343,6680,'高坂桐乃','本次掉落物品:3星强化料2个'),(278,'游戏娱乐专业训练',50,'2021-11-09 14:10:25','2021-11-09 15:00:31',343,7023,'高坂桐乃','本次掉落物品:2星强化料4个'),(279,'游戏娱乐专业训练',10,'2021-11-09 15:00:40','2021-11-09 15:10:56',7,7030,'高坂桐乃',''),(280,'游戏娱乐专业训练',50,'2021-11-09 15:13:43','2021-11-09 16:03:50',343,7373,'高坂桐乃','本次掉落物品:2星角色书2个'),(281,'游戏娱乐专业训练',10,'2021-11-09 16:04:03','2021-11-09 16:14:05',7,7380,'高坂桐乃',''),(282,'阅读晋升 第二期',50,'2021-11-09 16:18:52','2021-11-09 17:10:06',343,7723,'高坂桐乃',''),(283,'视频娱乐二阶段',10,'2021-11-09 18:11:31','2021-11-09 18:21:33',7,7730,'高坂桐乃',''),(284,'写作提升',50,'2021-11-09 20:50:18','2021-11-09 21:40:26',343,8073,'高坂桐乃','本次掉落物品:3星角色书1个'),(285,'写作提升',10,'2021-11-09 21:40:47','2021-11-09 21:51:06',7,8080,'高坂桐乃',''),(286,'阅读晋升 第二期',50,'2021-11-09 21:51:16','2021-11-09 22:42:39',393,8473,'高坂桐乃','本次掉落物品:50水晶'),(287,'写作提升',50,'2021-12-03 18:31:28','2021-12-03 19:21:50',343,6933,'高坂桐乃','本次掉落物品:2星角色书2个'),(288,'写作提升',25,'2021-12-03 19:27:57','2021-12-03 19:53:01',140,7073,'高坂桐乃','本次掉落物品:2星角色书2个'),(289,'写作提升',25,'2021-12-04 11:14:51','2021-12-04 11:40:00',140,7232,'高坂桐乃','本次掉落物品:3星强化料3个'),(290,'写作提升',25,'2021-12-06 10:53:50','2021-12-06 11:19:03',140,5730,'高坂桐乃','本次掉落物品:记忆晶元'),(291,'写作提升',10,'2021-12-06 11:27:19','2021-12-06 11:37:25',7,5757,'高坂桐乃',''),(292,'论文撰写初级入门',10,'2021-12-06 15:39:58','2021-12-06 15:50:03',7,5764,'高坂桐乃',''),(293,'论文撰写初级入门',50,'2021-12-06 15:50:21','2021-12-06 16:40:22',343,6107,'高坂桐乃','本次掉落物品:2星强化料3个'),(294,'论文撰写初级入门',10,'2021-12-06 16:43:57','2021-12-06 16:53:59',7,6114,'高坂桐乃',''),(295,'完善数学导图',50,'2021-12-06 16:54:22','2021-12-06 17:44:36',343,6457,'高坂桐乃','本次掉落物品:3星角色书3个'),(296,'写作提升',25,'2021-12-07 10:57:11','2021-12-07 11:22:19',140,6631,'高坂桐乃','本次掉落物品:2星角色书2个'),(297,'游戏娱乐专业训练',10,'2021-12-07 11:24:56','2021-12-07 11:34:58',7,6638,'高坂桐乃',''),(298,'Coding进阶学习',50,'2021-12-07 15:46:49','2021-12-07 16:37:04',343,6981,'高坂桐乃','本次掉落物品:2星角色书4个'),(299,'Coding进阶学习',10,'2021-12-07 16:37:19','2021-12-07 16:47:23',7,6988,'高坂桐乃',''),(300,'阅读晋升 第二期',50,'2021-12-07 17:07:44','2021-12-07 17:57:47',343,7351,'高坂桐乃','本次掉落物品:4星强化料1个'),(301,'写作提升',25,'2021-12-08 11:00:32','2021-12-08 11:25:35',140,7515,'高坂桐乃','本次掉落物品:4星角色书1个'),(302,'论文撰写初级入门',50,'2021-12-09 10:35:14','2021-12-09 11:25:33',350,7894,'高坂桐乃','本次掉落物品:3星角色书2个'),(303,'视频娱乐二阶段',10,'2021-12-09 13:03:54','2021-12-09 13:13:55',7,7901,'高坂桐乃',''),(304,'论文撰写初级入门',50,'2021-12-09 16:24:13','2021-12-09 17:14:15',350,8251,'高坂桐乃','本次掉落物品:2星强化料2个'),(305,'论文撰写初级入门',10,'2021-12-09 17:21:26','2021-12-09 17:31:31',7,8258,'高坂桐乃',''),(306,'论文撰写初级入门',50,'2021-12-09 18:57:41','2021-12-09 19:48:01',350,8608,'高坂桐乃','本次掉落物品:4星强化料2个'),(307,'论文撰写初级入门',60,'2021-12-09 20:49:04','2021-12-09 21:49:26',464,9072,'高坂桐乃','本次掉落物品:50水晶'),(308,'论文撰写初级入门',50,'2021-12-13 10:23:15','2021-12-13 11:13:29',350,9196,'高坂桐乃',''),(309,'论文撰写初级入门',10,'2021-12-13 11:14:52','2021-12-13 11:24:56',7,9203,'高坂桐乃',''),(310,'论文撰写初级入门',25,'2021-12-13 11:27:06','2021-12-13 11:52:13',143,9346,'高坂桐乃',''),(311,'论文撰写初级入门',50,'2021-12-13 13:40:35','2021-12-13 14:30:49',350,9696,'高坂桐乃','本次掉落物品:4星强化料1个'),(312,'论文撰写初级入门',50,'2021-12-13 15:48:35','2021-12-13 16:38:44',350,10046,'高坂桐乃',''),(313,'论文撰写初级入门',50,'2021-12-13 17:14:26','2021-12-13 18:04:40',350,10396,'高坂桐乃','本次掉落物品:2星角色书3个'),(314,'写作提升',50,'2021-12-14 16:15:08','2021-12-14 17:05:26',350,10779,'高坂桐乃','本次掉落物品:2星强化料2个'),(315,'阅读晋升 第二期',25,'2021-12-14 17:08:10','2021-12-14 17:33:19',143,10922,'高坂桐乃','本次掉落物品:2星角色书2个'),(316,'论文撰写初级入门',50,'2021-12-14 17:56:39','2021-12-14 18:46:43',350,11272,'高坂桐乃',''),(317,'视频娱乐二阶段',10,'2021-12-14 18:48:18','2021-12-14 18:58:22',7,11054,'高坂桐乃',''),(318,'完善数学导图',60,'2021-12-14 20:27:24','2021-12-14 21:27:27',414,11468,'高坂桐乃',''),(319,'完善数学导图',25,'2021-12-14 21:55:38','2021-12-14 22:20:46',143,11631,'高坂桐乃',''),(320,'完善数学导图',50,'2021-12-15 10:29:40','2021-12-15 11:19:56',350,12095,'高坂桐乃','本次掉落物品:2星角色书2个'),(321,'整理初级入门',10,'2021-12-15 11:20:17','2021-12-15 11:30:18',7,12102,'高坂桐乃',''),(322,'写作提升',25,'2021-12-15 11:37:13','2021-12-15 12:02:22',143,12245,'高坂桐乃','本次掉落物品:4星强化料2个'),(323,'完善数学导图',50,'2021-12-15 14:17:00','2021-12-15 15:07:16',350,12615,'高坂桐乃',''),(324,'行政日常',50,'2021-12-15 15:56:45','2021-12-15 16:46:46',350,12965,'高坂桐乃','本次掉落物品:3星强化料1个'),(325,'行政日常',25,'2021-12-15 17:35:27','2021-12-15 18:00:28',143,13108,'高坂桐乃','本次掉落物品:3星强化料2个'),(326,'完善数学导图',50,'2021-12-15 18:34:53','2021-12-15 19:25:06',350,13458,'高坂桐乃',''),(327,'完善数学导图',60,'2021-12-15 19:36:17','2021-12-15 20:36:19',414,13872,'高坂桐乃','本次掉落物品:4星强化料2个'),(328,'完善数学导图',10,'2021-12-15 20:38:51','2021-12-15 20:48:54',7,13879,'高坂桐乃',''),(329,'完善数学导图',25,'2021-12-15 21:00:00','2021-12-15 21:25:01',143,14077,'高坂桐乃','本次掉落物品:2星强化料3个'),(330,'写作提升',25,'2021-12-16 09:56:10','2021-12-16 10:21:13',143,14219,'高坂桐乃','本次掉落物品:3星强化料3个'),(331,'写作提升',10,'2021-12-16 10:23:27','2021-12-16 10:33:31',7,14226,'高坂桐乃',''),(332,'行政日常',50,'2021-12-16 10:50:09','2021-12-16 11:40:12',350,14576,'高坂桐乃','本次掉落物品:2星强化料3个'),(333,'完善数学导图',50,'2021-12-16 16:17:13','2021-12-16 17:07:29',350,14926,'高坂桐乃','本次掉落物品:4星强化料1个'),(334,'完善数学导图',50,'2021-12-16 17:37:36','2021-12-16 18:27:39',350,15296,'高坂桐乃','本次掉落物品:记忆晶元'),(335,'视频娱乐二阶段',10,'2021-12-16 18:34:40','2021-12-16 18:44:44',7,15303,'高坂桐乃',''),(336,'游戏娱乐专业训练',10,'2021-12-16 19:12:33','2021-12-16 19:22:37',7,15310,'高坂桐乃',''),(337,'完善数学导图',50,'2021-12-17 14:07:24','2021-12-17 14:57:39',350,15774,'高坂桐乃','本次掉落物品:2星角色书2个'),(338,'完善数学导图',50,'2021-12-17 15:31:36','2021-12-17 16:21:52',350,16124,'高坂桐乃','本次掉落物品:2星角色书3个'),(339,'Coding进阶学习',50,'2021-12-18 13:51:18','2021-12-18 14:41:21',350,16473,'高坂桐乃',''),(340,'Coding进阶学习',25,'2021-12-18 14:41:53','2021-12-18 15:07:01',143,16616,'高坂桐乃','本次掉落物品:2星角色书5个'),(341,'游戏娱乐专业训练',10,'2021-12-18 15:14:30','2021-12-18 15:24:31',7,16623,'高坂桐乃',''),(342,'游戏娱乐专业训练',10,'2021-12-18 16:02:11','2021-12-18 16:12:14',7,16630,'高坂桐乃',''),(343,'语言同化 第三期',25,'2021-12-18 21:22:16','2021-12-18 21:47:23',143,16773,'高坂桐乃','本次掉落物品:2星强化料5个'),(344,'行政日常',50,'2021-12-19 11:22:20','2021-12-19 12:12:34',350,16562,'高坂桐乃',''),(345,'行政日常',50,'2021-12-20 10:23:24','2021-12-20 11:13:43',350,16911,'高坂桐乃','本次掉落物品:2星强化料3个'),(346,'论文撰写初级入门',50,'2021-12-21 21:16:21','2021-12-21 22:06:24',350,17260,'高坂桐乃',''),(347,'视频娱乐二阶段',10,'2021-12-23 08:10:14','2021-12-23 08:20:17',7,17346,'高坂桐乃',''),(348,'视频娱乐二阶段',10,'2021-12-23 08:21:19','2021-12-23 08:31:20',7,17353,'高坂桐乃',''),(349,'Coding进阶学习',50,'2021-12-23 08:56:14','2021-12-23 09:46:31',350,17703,'高坂桐乃',''),(350,'Coding进阶学习',10,'2021-12-23 09:54:51','2021-12-23 10:04:52',7,17710,'高坂桐乃',''),(351,'Coding进阶学习',50,'2021-12-23 10:19:57','2021-12-23 11:10:01',350,18060,'高坂桐乃',''),(352,'Coding进阶学习',50,'2021-12-23 14:45:14','2021-12-23 15:35:29',350,18410,'高坂桐乃','本次掉落物品:2星强化料5个'),(353,'Coding进阶学习',10,'2021-12-23 15:36:25','2021-12-23 15:46:29',7,18417,'高坂桐乃',''),(354,'Coding进阶学习',50,'2021-12-23 15:46:46','2021-12-23 16:37:00',350,18767,'高坂桐乃','本次掉落物品:4星强化料2个'),(355,'视频娱乐二阶段',10,'2021-12-23 16:43:07','2021-12-23 16:53:11',7,18774,'高坂桐乃',''),(356,'Coding进阶学习',25,'2021-12-23 16:55:12','2021-12-23 17:20:18',143,18917,'高坂桐乃','本次掉落物品:2星强化料4个'),(357,'Coding进阶学习',50,'2021-12-23 20:36:22','2021-12-23 21:26:36',350,19302,'高坂桐乃','本次掉落物品:2星强化料5个'),(358,'写作提升',50,'2021-12-24 20:11:57','2021-12-24 21:02:02',450,19831,'高坂桐乃','本次掉落物品:100水晶'),(359,'整理初级入门',50,'2021-12-25 10:11:16','2021-12-25 11:01:30',350,20200,'高坂桐乃','本次掉落物品:3星角色书2个'),(360,'整理初级入门',10,'2021-12-25 11:01:39','2021-12-25 11:11:43',7,20207,'高坂桐乃',''),(361,'整理初级入门',50,'2021-12-25 11:17:23','2021-12-25 12:07:36',350,20557,'高坂桐乃','本次掉落物品:3星角色书3个'),(362,'游戏娱乐专业训练',10,'2021-12-25 12:58:46','2021-12-25 13:08:50',7,20564,'高坂桐乃',''),(363,'游戏娱乐专业训练',10,'2021-12-25 13:24:37','2021-12-25 13:34:41',7,20571,'高坂桐乃',''),(364,'整理初级入门',50,'2021-12-25 14:29:00','2021-12-25 15:19:03',350,20921,'高坂桐乃','本次掉落物品:2星角色书3个'),(365,'整理初级入门',10,'2021-12-25 15:19:14','2021-12-25 15:29:15',7,20928,'高坂桐乃',''),(366,'整理初级入门',50,'2021-12-25 15:29:59','2021-12-25 16:20:02',350,21313,'高坂桐乃','本次掉落物品:4星强化料2个'),(367,'整理初级入门',10,'2021-12-25 16:20:58','2021-12-25 16:30:59',7,21320,'高坂桐乃',''),(368,'整理初级入门',10,'2021-12-25 16:48:17','2021-12-25 16:58:21',7,21327,'高坂桐乃',''),(369,'论文撰写初级入门',50,'2021-12-25 17:00:09','2021-12-25 17:50:24',2250,21727,'高坂桐乃','恭喜你已经于2021-12-25 17:50:24完成了事件论文撰写初级入门 水晶增加2250'),(370,'论文撰写进阶学习',10,'2021-12-25 17:57:52','2021-12-25 18:07:56',7,23984,'高坂桐乃',''),(371,'视频娱乐二阶段',10,'2021-12-25 19:26:00','2021-12-25 19:36:04',7,23991,'高坂桐乃',''),(372,'视频娱乐二阶段',10,'2021-12-25 19:36:49','2021-12-25 19:46:52',7,23998,'高坂桐乃',''),(373,'视频娱乐二阶段',10,'2021-12-25 19:46:57','2021-12-25 19:56:58',7,24005,'高坂桐乃',''),(374,'视频娱乐二阶段',10,'2021-12-25 19:57:06','2021-12-25 20:07:11',7,24012,'高坂桐乃',''),(375,'视频娱乐二阶段',10,'2021-12-25 20:07:17','2021-12-25 20:17:18',7,24019,'高坂桐乃',''),(376,'视频娱乐二阶段',10,'2021-12-25 20:21:22','2021-12-25 20:31:25',7,24026,'高坂桐乃',''),(377,'视频娱乐二阶段',10,'2021-12-25 20:47:34','2021-12-25 20:57:38',7,24033,'高坂桐乃',''),(378,'阅读晋升 第二期',25,'2021-12-26 15:11:52','2021-12-26 15:37:05',143,24175,'高坂桐乃','本次掉落物品:3星角色书1个'),(379,'阅读晋升 第二期',10,'2021-12-26 15:50:07','2021-12-26 16:00:10',7,24182,'高坂桐乃',''),(380,'Coding进阶学习',50,'2021-12-26 16:38:59','2021-12-26 17:29:21',350,24557,'高坂桐乃','本次掉落物品:3星角色书1个'),(381,'Coding进阶学习',10,'2021-12-26 17:29:33','2021-12-26 17:39:36',7,24564,'高坂桐乃',''),(382,'完善数学导图',25,'2021-12-26 17:40:51','2021-12-26 18:06:03',143,24707,'高坂桐乃',''),(383,'完善数学导图',25,'2021-12-26 21:25:02','2021-12-26 21:50:08',143,24850,'高坂桐乃','本次掉落物品:2星强化料5个'),(384,'完善数学导图',10,'2021-12-26 22:04:07','2021-12-26 22:14:10',7,24857,'高坂桐乃',''),(385,'阅读晋升 第二期',25,'2021-12-27 15:25:45','2021-12-27 15:50:52',143,24999,'高坂桐乃','本次掉落物品:2星角色书3个'),(386,'阅读晋升 第二期',10,'2021-12-27 16:26:41','2021-12-27 16:36:44',7,25006,'高坂桐乃',''),(387,'写作提升',25,'2021-12-27 16:49:08','2021-12-27 17:14:09',143,25149,'高坂桐乃','本次掉落物品:2星强化料4个'),(388,'写作提升',25,'2021-12-27 17:29:45','2021-12-27 17:54:47',143,25292,'高坂桐乃',''),(389,'写作提升',25,'2021-12-28 14:22:44','2021-12-28 14:47:46',143,25559,'高坂桐乃','本次掉落物品:2星角色书2个'),(390,'论文撰写进阶学习',50,'2021-12-28 14:59:15','2021-12-28 15:49:19',350,25909,'高坂桐乃','本次掉落物品:记忆晶元'),(391,'论文撰写进阶学习',10,'2021-12-28 15:52:37','2021-12-28 16:02:39',7,25916,'高坂桐乃',''),(392,'Coding进阶学习',25,'2021-12-28 16:25:26','2021-12-28 16:50:35',143,26059,'高坂桐乃','本次掉落物品:4星强化料1个'),(393,'Coding进阶学习',10,'2021-12-28 17:35:44','2021-12-28 17:45:46',7,26066,'高坂桐乃',''),(394,'写作提升',25,'2021-12-29 13:34:31','2021-12-29 13:59:41',143,26228,'高坂桐乃','本次掉落物品:记忆晶元'),(395,'写作提升',25,'2021-12-29 15:09:11','2021-12-29 15:34:14',143,26371,'高坂桐乃','本次掉落物品:4星角色书1个'),(396,'写作提升',10,'2021-12-29 15:39:44','2021-12-29 15:49:48',7,26378,'高坂桐乃',''),(397,'视频剪辑初级入门',25,'2021-12-29 15:57:33','2021-12-29 16:22:41',143,26541,'高坂桐乃',''),(398,'Coding进阶学习',50,'2021-12-29 16:36:36','2021-12-29 17:26:40',350,26891,'高坂桐乃','本次掉落物品:3星角色书2个'),(399,'写作提升',25,'2021-12-30 08:07:14','2021-12-30 08:32:24',139,255,'凉风青叶','本次掉落物品:3星强化料2个'),(400,'Coding进阶学习',50,'2021-12-30 08:35:50','2021-12-30 09:26:09',392,647,'凉风青叶','本次掉落物品:50水晶'),(401,'Coding进阶学习',10,'2021-12-30 09:28:25','2021-12-30 09:38:26',7,654,'凉风青叶',''),(402,'Coding进阶学习',50,'2021-12-30 09:44:53','2021-12-30 10:34:55',342,996,'凉风青叶','本次掉落物品:3星角色书2个'),(403,'Coding进阶学习',25,'2021-12-30 10:37:03','2021-12-30 11:02:04',139,1135,'凉风青叶','本次掉落物品:4星强化料2个'),(404,'整理初级入门',10,'2021-12-30 11:02:13','2021-12-30 11:12:14',7,1142,'凉风青叶',''),(405,'整理初级入门',10,'2021-12-30 11:22:10','2021-12-30 11:32:13',7,1149,'凉风青叶',''),(406,'整理初级入门',10,'2021-12-30 11:32:19','2021-12-30 11:42:22',7,1156,'凉风青叶',''),(407,'视频娱乐二阶段',10,'2021-12-30 14:38:09','2021-12-30 14:48:13',7,1218,'凉风青叶',''),(408,'Coding进阶学习',50,'2021-12-30 14:57:49','2021-12-30 15:48:02',342,1560,'凉风青叶','本次掉落物品:4星强化料1个'),(409,'Coding进阶学习',10,'2021-12-30 15:58:34','2021-12-30 16:08:38',7,1567,'凉风青叶',''),(410,'Coding进阶学习',25,'2021-12-30 16:14:14','2021-12-30 16:39:21',139,1706,'凉风青叶','本次掉落物品:4星角色书1个'),(411,'游戏娱乐专业训练',10,'2021-12-30 18:45:22','2021-12-30 18:55:23',7,1713,'凉风青叶',''),(412,'游戏娱乐专业训练',10,'2021-12-30 19:29:02','2021-12-30 19:39:06',7,1720,'凉风青叶',''),(413,'游戏娱乐专业训练',10,'2021-12-30 20:58:45','2021-12-30 21:08:47',7,1727,'凉风青叶',''),(414,'游戏娱乐专业训练',10,'2021-12-30 21:17:10','2021-12-30 21:27:14',7,1734,'凉风青叶',''),(415,'游戏娱乐专业训练',10,'2021-12-30 21:52:52','2021-12-30 22:02:56',7,1741,'凉风青叶',''),(416,'写作提升',25,'2021-12-31 08:05:39','2021-12-31 08:30:46',139,2159,'凉风青叶','本次掉落物品:2星强化料3个'),(417,'Coding进阶学习',50,'2021-12-31 08:51:51','2021-12-31 09:42:06',442,2601,'凉风青叶','本次掉落物品:100水晶'),(418,'Coding进阶学习',10,'2021-12-31 09:43:09','2021-12-31 09:53:10',7,2608,'凉风青叶',''),(419,'论文撰写进阶学习',25,'2021-12-31 15:01:37','2021-12-31 15:26:39',139,2747,'凉风青叶','本次掉落物品:2星强化料4个'),(420,'写作提升',50,'2022-01-02 11:27:57','2022-01-02 12:18:01',342,3108,'凉风青叶','本次掉落物品:2星强化料4个'),(421,'视频娱乐二阶段',10,'2022-01-02 12:30:23','2022-01-02 12:40:26',7,3115,'凉风青叶',''),(422,'视频娱乐二阶段',10,'2022-01-02 12:40:56','2022-01-02 12:50:58',7,3122,'凉风青叶',''),(423,'视频娱乐二阶段',10,'2022-01-02 12:51:02','2022-01-02 13:01:05',7,3129,'凉风青叶',''),(424,'整理初级入门',50,'2022-01-02 14:09:14','2022-01-02 14:59:29',342,3471,'凉风青叶','本次掉落物品:2星强化料4个'),(425,'整理初级入门',10,'2022-01-02 15:23:42','2022-01-02 15:33:46',7,3478,'凉风青叶',''),(426,'整理初级入门',10,'2022-01-02 15:49:26','2022-01-02 15:59:30',7,3485,'凉风青叶',''),(427,'整理初级入门',10,'2022-01-02 15:59:37','2022-01-02 16:09:39',7,3492,'凉风青叶',''),(428,'整理初级入门',25,'2022-01-02 16:12:11','2022-01-02 16:37:19',139,3631,'凉风青叶','本次掉落物品:2星角色书4个'),(429,'Coding进阶学习',50,'2022-01-02 17:39:57','2022-01-02 18:30:01',342,3973,'凉风青叶','本次掉落物品:3星强化料1个'),(430,'Coding进阶学习',50,'2022-01-02 20:10:44','2022-01-02 21:00:59',342,4315,'凉风青叶',''),(431,'Coding进阶学习',5,'2022-01-03 21:29:23','2022-01-03 21:34:25',3,4372,'凉风青叶',''),(432,'整理初级入门',50,'2022-01-04 11:35:21','2022-01-04 12:25:35',342,4713,'凉风青叶',''),(433,'游戏娱乐专业训练',10,'2022-01-04 12:25:41','2022-01-04 12:35:42',7,4720,'凉风青叶',''),(434,'语言同化 第三期',25,'2022-01-04 13:10:00','2022-01-04 13:35:03',139,4859,'凉风青叶','本次掉落物品:4星强化料2个'),(435,'论文撰写进阶学习',50,'2022-01-04 21:16:35','2022-01-04 22:06:50',342,5201,'凉风青叶','本次掉落物品:2星角色书3个'),(436,'论文撰写进阶学习',50,'2022-01-05 08:33:06','2022-01-05 09:23:20',342,5542,'凉风青叶','本次掉落物品:4星角色书2个'),(437,'论文撰写进阶学习',50,'2022-01-05 09:33:35','2022-01-05 10:23:38',342,5884,'凉风青叶','本次掉落物品:4星强化料1个'),(438,'论文撰写进阶学习',10,'2022-01-05 10:23:51','2022-01-05 10:33:54',7,5891,'凉风青叶',''),(439,'论文撰写进阶学习',50,'2022-01-05 10:47:08','2022-01-05 11:37:11',342,6233,'凉风青叶','本次掉落物品:2星强化料5个'),(440,'论文撰写进阶学习',50,'2022-01-05 19:27:14','2022-01-05 20:17:17',342,4615,'凉风青叶','本次掉落物品:2星强化料5个'),(441,'整理初级入门',60,'2022-01-06 13:48:29','2022-01-06 14:48:47',404,5018,'凉风青叶','本次掉落物品:2星强化料5个'),(442,'写作提升',25,'2022-01-06 16:53:17','2022-01-06 17:18:19',139,5157,'凉风青叶','本次掉落物品:2星强化料5个'),(443,'写作提升',25,'2022-01-06 18:40:36','2022-01-06 19:05:39',139,5336,'凉风青叶','本次掉落物品:2星强化料4个'),(444,'写作提升',25,'2022-01-07 17:08:49','2022-01-07 17:33:58',139,5474,'凉风青叶','本次掉落物品:3星角色书2个'),(445,'游戏娱乐专业训练',5,'2022-01-08 16:14:21','2022-01-08 16:19:22',3,5496,'凉风青叶','');
/*!40000 ALTER TABLE `log_adventure` ENABLE KEYS */;
UNLOCK TABLES;

--
-- Table structure for table `log_lottery_charc`
--

DROP TABLE IF EXISTS `log_lottery_charc`;
/*!40101 SET @saved_cs_client     = @@character_set_client */;
/*!50503 SET character_set_client = utf8mb4 */;
CREATE TABLE `log_lottery_charc` (
  `log_id` int NOT NULL AUTO_INCREMENT,
  `name` varchar(48) NOT NULL,
  `lottery_time` datetime NOT NULL,
  `grade` int NOT NULL,
  PRIMARY KEY (`log_id`)
) ENGINE=InnoDB AUTO_INCREMENT=206 DEFAULT CHARSET=utf8mb3;
/*!40101 SET character_set_client = @saved_cs_client */;

--
-- Dumping data for table `log_lottery_charc`
--

LOCK TABLES `log_lottery_charc` WRITE;
/*!40000 ALTER TABLE `log_lottery_charc` DISABLE KEYS */;
INSERT INTO `log_lottery_charc` VALUES (1,'3星角色书2个','2021-08-16 14:32:28',3),(2,'3星角色书1个','2021-08-16 14:32:38',3),(3,'3星角色书2个','2021-08-16 14:32:41',3),(4,'3星角色书3个','2021-08-16 14:32:43',3),(5,'各务原抚子','2021-08-16 14:32:46',4),(6,'3星强化料3个','2021-08-16 14:32:51',3),(7,'4星角色书2个','2021-08-16 14:32:53',4),(8,'3星角色书3个','2021-08-16 14:32:55',3),(9,'3星强化料2个','2021-08-16 14:32:57',3),(10,'黑魔导书','2021-08-16 14:32:59',4),(11,'2星角色书2个','2021-08-16 14:33:03',2),(12,'2星强化料4个','2021-08-16 14:33:05',2),(13,'2星角色书2个','2021-08-16 14:33:07',2),(14,'3星强化料3个','2021-08-16 14:33:10',3),(15,'4星强化料1个','2021-08-16 14:33:12',4),(16,'3星角色书3个','2021-08-16 14:33:14',3),(17,'2星角色书4个','2021-08-16 14:33:16',2),(18,'3星角色书3个','2021-08-16 14:33:19',3),(19,'4星强化料1个','2021-08-16 14:33:21',4),(20,'3星角色书3个','2021-08-16 14:33:22',3),(21,'2星角色书4个','2021-08-16 14:33:24',2),(22,'3星角色书1个','2021-08-16 14:33:28',3),(23,'3星角色书3个','2021-08-16 14:33:30',3),(24,'2星角色书5个','2021-08-16 14:33:32',2),(25,'3星角色书3个','2021-08-16 14:33:33',3),(26,'2星角色书4个','2021-08-16 14:33:34',2),(27,'3星角色书1个','2021-08-16 14:33:36',3),(28,'3星强化料2个','2021-08-16 14:33:37',3),(29,'3星角色书3个','2021-08-16 14:33:39',3),(30,'2星角色书3个','2021-08-16 14:33:40',2),(31,'2星角色书3个','2021-08-16 14:33:43',2),(32,'3星角色书2个','2021-08-16 14:33:45',3),(33,'3星角色书2个','2021-08-16 14:33:48',3),(34,'3星角色书1个','2021-08-18 21:55:06',3),(35,'3星角色书2个','2021-08-18 21:55:08',3),(36,'3星角色书2个','2021-08-18 21:55:10',3),(37,'3星角色书3个','2021-08-18 21:55:13',3),(38,'3星角色书2个','2021-08-24 17:57:39',3),(39,'3星角色书3个','2021-08-24 17:57:44',3),(40,'4星强化料2个','2021-08-25 00:06:56',4),(41,'3星角色书2个','2021-08-25 21:44:38',3),(42,'五更琉璃','2021-08-25 21:44:41',4),(43,'3星强化料3个','2021-08-25 21:44:46',3),(44,'2星角色书5个','2021-08-27 19:01:26',2),(45,'2星角色书3个','2021-08-27 19:01:28',2),(46,'2星强化料2个','2021-08-27 19:01:30',2),(47,'2星角色书4个','2021-08-27 22:38:11',2),(48,'2星强化料5个','2021-08-28 19:05:54',2),(49,'4星强化料2个','2021-08-28 19:05:59',4),(50,'3星角色书3个','2021-08-28 22:30:11',3),(51,'2星角色书2个','2021-08-28 22:30:13',2),(52,'3星角色书1个','2021-08-30 19:22:26',3),(53,'3星角色书1个','2021-08-30 19:22:27',3),(54,'2星角色书2个','2021-08-30 19:22:29',2),(55,'4星角色书2个','2021-08-30 20:16:48',4),(56,'4星强化料2个','2021-08-30 22:42:30',4),(57,'3星角色书2个','2021-08-30 22:42:33',3),(58,'4星角色书1个','2021-09-02 15:48:39',4),(59,'3星角色书1个','2021-09-02 15:48:41',3),(60,'4星角色书1个','2021-09-02 15:48:43',4),(61,'3星角色书2个','2021-09-02 15:48:45',3),(62,'3星强化料1个','2021-09-02 15:48:47',3),(63,'3星角色书2个','2021-09-02 15:48:49',3),(64,'3星角色书2个','2021-09-15 12:20:29',3),(65,'恋冢小梦','2021-09-15 12:20:31',4),(66,'3星角色书3个','2021-09-15 12:20:36',3),(67,'3星角色书3个','2021-09-15 12:20:38',3),(68,'木响板','2021-09-15 12:20:41',4),(69,'五更琉璃','2021-09-15 12:20:43',4),(70,'4星强化料1个','2021-09-15 12:20:46',4),(71,'3星强化料1个','2021-09-15 12:20:49',3),(72,'黑魔导书','2021-09-15 12:20:50',4),(73,'犬山葵','2021-09-15 12:20:53',4),(74,'4星角色书2个','2021-09-15 12:20:57',4),(75,'商用键盘','2021-09-15 12:20:59',4),(76,'黑魔导书','2021-09-15 12:21:01',4),(77,'高坂桐乃','2021-09-15 12:21:02',5),(87,'终末嗟叹之诗','2021-11-11 21:07:26',5),(88,'3星强化料2个','2021-11-11 21:07:31',3),(89,'3星角色书3个','2021-11-11 21:07:32',3),(90,'天真珈百璃','2021-11-11 21:07:34',4),(91,'3星角色书2个','2021-11-11 21:07:36',3),(92,'嘟嘟可故事集','2021-11-11 21:07:38',4),(93,'3星角色书3个','2021-11-11 21:07:40',3),(96,'2星角色书2个','2021-12-04 11:45:35',2),(97,'3星角色书1个','2021-12-04 11:45:41',3),(98,'3星强化料1个','2021-12-04 11:48:29',3),(99,'3星角色书1个','2021-12-04 11:48:39',3),(100,'2星角色书3个','2021-12-05 17:16:12',2),(101,'2星角色书2个','2021-12-06 10:53:40',2),(102,'2星角色书4个','2021-12-09 23:22:32',2),(103,'3星角色书3个','2021-12-14 18:47:45',3),(104,'2星强化料2个','2021-12-18 23:23:52',2),(105,'黑岩斩刀','2021-12-18 23:23:55',4),(106,'4星强化料2个','2021-12-29 17:50:57',4),(107,'3星角色书1个','2021-12-29 17:50:59',3),(108,'3星角色书2个','2021-12-29 17:51:01',3),(109,'2星强化料2个','2021-12-29 17:51:02',2),(110,'3星角色书2个','2021-12-29 17:51:04',3),(111,'4星角色书1个','2021-12-29 17:51:05',4),(112,'2星角色书4个','2021-12-29 17:51:07',2),(113,'3星角色书1个','2021-12-29 17:51:08',3),(114,'3星强化料3个','2021-12-29 17:51:09',3),(115,'2星角色书2个','2021-12-29 17:51:10',2),(116,'天空之脊','2021-12-29 17:51:11',5),(117,'3星强化料3个','2021-12-29 17:51:15',3),(118,'4星角色书2个','2021-12-29 17:51:17',4),(119,'2星角色书5个','2021-12-29 17:51:18',2),(120,'4星角色书2个','2021-12-29 17:51:20',4),(121,'3星强化料2个','2021-12-29 17:51:21',3),(122,'4星角色书2个','2021-12-29 17:51:22',4),(123,'3星角色书1个','2021-12-29 17:51:23',3),(124,'2星角色书5个','2021-12-29 17:51:24',2),(125,'3星角色书1个','2021-12-29 17:51:25',3),(126,'3星角色书1个','2021-12-29 17:51:26',3),(127,'3星强化料2个','2021-12-29 17:51:28',3),(128,'3星角色书2个','2021-12-29 17:51:28',3),(129,'2星角色书3个','2021-12-29 17:51:29',2),(130,'4星角色书2个','2021-12-29 17:51:30',4),(131,'2星角色书4个','2021-12-29 17:51:31',2),(132,'4星强化料2个','2021-12-29 17:51:32',4),(133,'3星角色书3个','2021-12-29 17:51:33',3),(134,'风花之颂','2021-12-29 17:51:34',4),(135,'3星角色书1个','2021-12-29 17:51:35',3),(136,'4星强化料2个','2021-12-29 17:51:36',4),(137,'3星角色书1个','2021-12-29 17:51:37',3),(138,'4星角色书2个','2021-12-29 17:51:38',4),(139,'3星角色书1个','2021-12-29 17:51:39',3),(140,'2星角色书2个','2021-12-29 17:51:41',2),(141,'3星强化料3个','2021-12-29 17:51:42',3),(142,'3星角色书3个','2021-12-29 17:51:43',3),(143,'2星角色书3个','2021-12-29 17:51:44',2),(144,'4星角色书2个','2021-12-29 17:51:45',4),(145,'3星角色书2个','2021-12-29 17:51:46',3),(146,'2星角色书2个','2021-12-29 17:51:47',2),(147,'3星角色书2个','2021-12-29 17:51:47',3),(148,'3星角色书1个','2021-12-29 17:51:49',3),(149,'2星角色书3个','2021-12-29 17:51:49',2),(150,'2星强化料5个','2021-12-29 17:51:50',2),(151,'2星强化料3个','2021-12-29 17:51:52',2),(152,'3星强化料1个','2021-12-29 17:51:54',3),(153,'3星角色书1个','2021-12-29 17:51:55',3),(154,'2星角色书4个','2021-12-29 17:51:56',2),(155,'4星强化料1个','2021-12-29 17:51:59',4),(156,'3星角色书3个','2021-12-29 17:52:01',3),(157,'3星角色书2个','2021-12-29 17:52:01',3),(158,'3星角色书3个','2021-12-29 17:52:02',3),(159,'2星角色书2个','2021-12-29 17:52:03',2),(160,'2星角色书3个','2021-12-29 17:52:04',2),(161,'3星角色书2个','2021-12-29 17:52:04',3),(162,'3星角色书3个','2021-12-29 17:52:05',3),(163,'4星角色书2个','2021-12-29 17:52:05',4),(164,'2星角色书4个','2021-12-29 17:52:06',2),(165,'3星角色书3个','2021-12-29 17:52:06',3),(166,'3星角色书2个','2021-12-29 17:52:07',3),(167,'2星角色书4个','2021-12-29 17:52:07',2),(168,'4星角色书1个','2021-12-29 17:52:09',4),(169,'3星角色书3个','2021-12-29 17:52:09',3),(170,'2星角色书4个','2021-12-29 17:52:10',2),(171,'3星角色书2个','2021-12-29 17:52:11',3),(172,'2星角色书3个','2021-12-29 17:52:12',2),(173,'3星角色书1个','2021-12-29 17:52:13',3),(174,'恋冢小梦','2021-12-29 17:52:14',4),(175,'4星角色书2个','2021-12-29 17:52:15',4),(176,'五更琉璃','2021-12-29 17:52:16',4),(177,'3星强化料1个','2021-12-29 17:52:33',3),(178,'3星角色书1个','2021-12-29 17:56:57',3),(179,'3星强化料2个','2021-12-29 17:58:31',3),(180,'凉风青叶','2021-12-29 17:58:32',5),(181,'犬山葵','2021-12-29 17:58:37',4),(182,'3星角色书1个','2021-12-29 17:58:38',3),(183,'2星角色书3个','2021-12-29 17:58:39',2),(184,'4星角色书1个','2021-12-29 17:58:40',4),(185,'3星角色书1个','2021-12-29 17:58:41',3),(186,'4星强化料2个','2021-12-29 17:58:42',4),(187,'2星强化料5个','2021-12-29 17:58:42',2),(188,'3星强化料1个','2021-12-29 17:58:43',3),(189,'4星角色书1个','2021-12-29 17:58:43',4),(190,'3星角色书2个','2021-12-29 17:58:44',3),(191,'3星角色书1个','2021-12-29 17:58:45',3),(192,'4星强化料2个','2021-12-29 17:58:46',4),(193,'3星角色书3个','2021-12-29 17:58:46',3),(194,'2星角色书3个','2021-12-29 17:58:47',2),(195,'2星角色书3个','2021-12-29 17:58:48',2),(196,'3星角色书2个','2021-12-29 17:58:49',3),(197,'4星强化料1个','2021-12-29 17:58:50',4),(198,'3星角色书2个','2021-12-29 17:58:51',3),(199,'2星角色书5个','2022-01-05 18:56:00',2),(200,'3星角色书1个','2022-01-05 18:56:01',3),(201,'2星角色书3个','2022-01-05 18:56:02',2),(202,'3星角色书3个','2022-01-05 18:56:03',3),(203,'2星角色书3个','2022-01-05 18:56:04',2),(204,'3星角色书2个','2022-01-05 18:56:04',3),(205,'4星角色书2个','2022-01-05 18:56:05',4);
/*!40000 ALTER TABLE `log_lottery_charc` ENABLE KEYS */;
UNLOCK TABLES;

--
-- Table structure for table `log_lottery_westi`
--

DROP TABLE IF EXISTS `log_lottery_westi`;
/*!40101 SET @saved_cs_client     = @@character_set_client */;
/*!50503 SET character_set_client = utf8mb4 */;
CREATE TABLE `log_lottery_westi` (
  `log_id` int NOT NULL AUTO_INCREMENT,
  `name` varchar(48) NOT NULL,
  `lottery_time` datetime NOT NULL,
  `grade` varchar(48) NOT NULL,
  PRIMARY KEY (`log_id`)
) ENGINE=InnoDB DEFAULT CHARSET=utf8mb3;
/*!40101 SET character_set_client = @saved_cs_client */;

--
-- Dumping data for table `log_lottery_westi`
--

LOCK TABLES `log_lottery_westi` WRITE;
/*!40000 ALTER TABLE `log_lottery_westi` DISABLE KEYS */;
/*!40000 ALTER TABLE `log_lottery_westi` ENABLE KEYS */;
UNLOCK TABLES;

--
-- Table structure for table `lottery`
--

DROP TABLE IF EXISTS `lottery`;
/*!40101 SET @saved_cs_client     = @@character_set_client */;
/*!50503 SET character_set_client = utf8mb4 */;
CREATE TABLE `lottery` (
  `lottery_crystal` int NOT NULL DEFAULT '0',
  `check_date` datetime NOT NULL,
  `admission_date` datetime NOT NULL,
  `login_date` datetime NOT NULL,
  `sum_time` int NOT NULL,
  `current_girl` varchar(48) DEFAULT NULL
) ENGINE=InnoDB DEFAULT CHARSET=utf8mb3;
/*!40101 SET character_set_client = @saved_cs_client */;

--
-- Dumping data for table `lottery`
--

LOCK TABLES `lottery` WRITE;
/*!40000 ALTER TABLE `lottery` DISABLE KEYS */;
INSERT INTO `lottery` VALUES (5496,'2021-12-31 07:56:30','2022-01-08 16:14:16','2022-01-08 16:14:16',35352,'凉风青叶');
/*!40000 ALTER TABLE `lottery` ENABLE KEYS */;
UNLOCK TABLES;

--
-- Table structure for table `mission`
--

DROP TABLE IF EXISTS `mission`;
/*!40101 SET @saved_cs_client     = @@character_set_client */;
/*!50503 SET character_set_client = utf8mb4 */;
CREATE TABLE `mission` (
  `missionid` int NOT NULL AUTO_INCREMENT,
  `name` varchar(48) NOT NULL,
  `description` varchar(300) DEFAULT NULL,
  `type` varchar(48) NOT NULL,
  `addeddate` datetime NOT NULL,
  `reward` varchar(100) DEFAULT NULL,
  `complete` double NOT NULL,
  `finish` double NOT NULL,
  `getreward` int NOT NULL,
  PRIMARY KEY (`missionid`)
) ENGINE=InnoDB AUTO_INCREMENT=22 DEFAULT CHARSET=utf8mb3;
/*!40101 SET character_set_client = @saved_cs_client */;

--
-- Dumping data for table `mission`
--

LOCK TABLES `mission` WRITE;
/*!40000 ALTER TABLE `mission` DISABLE KEYS */;
INSERT INTO `mission` VALUES (1,'完成1次写作',NULL,'日常任务','2021-11-10 16:49:28','20水晶',0,1,0),(2,'完成1次阅读',NULL,'日常任务','2021-11-10 16:50:00','25水晶',0,1,0),(3,'进行1次角色升级',NULL,'日常任务','2021-11-10 16:53:08','10水晶',0,1,0),(4,'进行1次抽奖',NULL,'日常任务','2021-11-10 16:50:39','3星角色书*1',0,1,0),(5,'完成6次冒险',NULL,'日常任务','2021-11-10 16:51:07','35水晶',1,6,0),(6,'进行1次60分钟冒险事件',NULL,'日常任务','2021-11-10 16:51:26','20水晶',0,1,0),(7,'专注8小时',NULL,'日常任务','2021-11-10 16:53:36','3星强化料*5',0.08,8,0),(8,'领取其他所有日常任务奖励',NULL,'日常任务','2021-11-10 16:54:20','记忆晶元',0,7,0),(9,'签到',NULL,'日常任务','2021-11-10 16:55:01','80水晶',0,10,0),(10,'编号余0事件累积5小时',NULL,'周常任务','2021-11-10 16:59:06','4星角色书*3',0,5,0),(11,'编号余1事件累积5小时',NULL,'周常任务','2021-11-10 17:00:06','4星角色书*3',4.319999999999999,5,0),(12,'编号余2事件累积5小时',NULL,'周常任务','2021-11-10 17:00:03','4星角色书*3',0.25,5,0),(13,'编号余3事件累积5小时',NULL,'周常任务','2021-11-10 17:00:01','4星强化料*3',3.09,5,0),(14,'编号余4事件累积5小时',NULL,'周常任务','2021-11-10 16:59:58','4星强化料*3',0,5,0),(15,'编号余5事件累积5小时',NULL,'周常任务','2021-11-10 16:59:55','4星强化料*3',0,5,0),(16,'编号余6事件累积5小时',NULL,'周常任务','2021-11-10 16:59:52','120水晶',0.5,5,0),(17,'专注40小时',NULL,'周常任务','2021-11-10 17:01:16','1000水晶',8.16,40,0),(18,'抽奖25次',NULL,'周常任务','2021-11-10 17:01:39','4星角色书*7',7,25,0),(19,'领取其他所有周常任务奖励',NULL,'周常任务','2021-11-10 17:02:10','记忆晶元*5',0,9,0),(20,'完结4部番剧',NULL,'版本任务','2021-11-10 17:02:57','1000水晶',0,4,0),(21,'新年计划',NULL,'年度任务','2021-11-10 17:03:27','5000水晶',0,8,0);
/*!40000 ALTER TABLE `mission` ENABLE KEYS */;
UNLOCK TABLES;

--
-- Table structure for table `my_figure`
--

DROP TABLE IF EXISTS `my_figure`;
/*!40101 SET @saved_cs_client     = @@character_set_client */;
/*!50503 SET character_set_client = utf8mb4 */;
CREATE TABLE `my_figure` (
  `my_figure_id` int NOT NULL AUTO_INCREMENT,
  `my_figure_name` varchar(48) NOT NULL,
  `level` int NOT NULL,
  `weapon` int DEFAULT NULL,
  `stigma_up` int DEFAULT NULL,
  `stigma_mid` int DEFAULT NULL,
  `stigma_down` int DEFAULT NULL,
  `love` double DEFAULT NULL,
  `moe` double NOT NULL,
  `yxr` double NOT NULL,
  `intimacy` double NOT NULL,
  `enthusiasm` double NOT NULL,
  `skin` varchar(48) NOT NULL,
  `fragment` int NOT NULL,
  `grade` varchar(48) NOT NULL,
  `exp` int NOT NULL,
  PRIMARY KEY (`my_figure_id`),
  KEY `fk_figure` (`my_figure_name`) USING BTREE,
  CONSTRAINT `my_figure_ibfk_1` FOREIGN KEY (`my_figure_name`) REFERENCES `figure` (`name`)
) ENGINE=InnoDB AUTO_INCREMENT=8 DEFAULT CHARSET=utf8mb3;
/*!40101 SET character_set_client = @saved_cs_client */;

--
-- Dumping data for table `my_figure`
--

LOCK TABLES `my_figure` WRITE;
/*!40000 ALTER TABLE `my_figure` DISABLE KEYS */;
INSERT INTO `my_figure` VALUES (1,'各务原抚子',60,NULL,NULL,NULL,NULL,50,55,22,56,51,'各务原抚子_默认',0,'A',182),(2,'五更琉璃',40,NULL,NULL,NULL,NULL,50,70,33,50,92,'五更琉璃_默认',6,'S',159),(3,'恋冢小梦',1,NULL,NULL,NULL,NULL,0,70,41,51,96,'恋冢小梦_默认',18,'A',0),(4,'犬山葵',1,NULL,NULL,NULL,NULL,50,47,55,49,52,'犬山葵_默认',18,'A',0),(5,'高坂桐乃',80,NULL,NULL,NULL,NULL,200,82,108,79,40,'高坂桐乃_默认',0,'S',0),(6,'天真珈百璃',1,NULL,NULL,NULL,NULL,0,66,30,71,54,'天真珈百璃_默认',0,'A',0),(7,'凉风青叶',80,NULL,NULL,NULL,NULL,189.7100000000001,90,55,67,93,'凉风青叶_魅魔',0,'S',0);
/*!40000 ALTER TABLE `my_figure` ENABLE KEYS */;
UNLOCK TABLES;

--
-- Table structure for table `my_weapon`
--

DROP TABLE IF EXISTS `my_weapon`;
/*!40101 SET @saved_cs_client     = @@character_set_client */;
/*!50503 SET character_set_client = utf8mb4 */;
CREATE TABLE `my_weapon` (
  `my_weapon_id` int NOT NULL AUTO_INCREMENT,
  `name` varchar(48) NOT NULL,
  `level` int NOT NULL,
  `moe` double NOT NULL,
  `awaken` int NOT NULL,
  `equip_figure_name` varchar(48) DEFAULT NULL,
  PRIMARY KEY (`my_weapon_id`),
  KEY `FK_weapon_name` (`name`) USING BTREE,
  CONSTRAINT `my_weapon_ibfk_1` FOREIGN KEY (`name`) REFERENCES `weapon` (`name`)
) ENGINE=InnoDB AUTO_INCREMENT=9 DEFAULT CHARSET=utf8mb3;
/*!40101 SET character_set_client = @saved_cs_client */;

--
-- Dumping data for table `my_weapon`
--

LOCK TABLES `my_weapon` WRITE;
/*!40000 ALTER TABLE `my_weapon` DISABLE KEYS */;
INSERT INTO `my_weapon` VALUES (4,'终末嗟叹之诗',1,93,0,NULL),(5,'嘟嘟可故事集',1,41,0,NULL),(6,'黑岩斩刀',1,55,0,NULL),(7,'天空之脊',1,96,0,NULL),(8,'风花之颂',1,42,0,NULL);
/*!40000 ALTER TABLE `my_weapon` ENABLE KEYS */;
UNLOCK TABLES;

--
-- Table structure for table `weapon`
--

DROP TABLE IF EXISTS `weapon`;
/*!40101 SET @saved_cs_client     = @@character_set_client */;
/*!50503 SET character_set_client = utf8mb4 */;
CREATE TABLE `weapon` (
  `weapon_id` int NOT NULL AUTO_INCREMENT,
  `name` varchar(48) NOT NULL,
  `type` varchar(48) NOT NULL,
  `grade` varchar(48) NOT NULL,
  `moe` double NOT NULL,
  `m_coefficient` double NOT NULL,
  `feature` varchar(48) DEFAULT NULL,
  `feature_info` varchar(100) DEFAULT NULL,
  `value1` int DEFAULT NULL,
  `value2` int DEFAULT NULL,
  `value3` int DEFAULT NULL,
  `value4` int DEFAULT NULL,
  `value5` int DEFAULT NULL,
  PRIMARY KEY (`weapon_id`),
  KEY `name` (`name`) USING BTREE
) ENGINE=InnoDB AUTO_INCREMENT=16 DEFAULT CHARSET=utf8mb3;
/*!40101 SET character_set_client = @saved_cs_client */;

--
-- Dumping data for table `weapon`
--

LOCK TABLES `weapon` WRITE;
/*!40000 ALTER TABLE `weapon` DISABLE KEYS */;
INSERT INTO `weapon` VALUES (1,'天空之脊','长枪','5',96,1.28,'斫断黑翼的利齿','在事件完成时，有10%的概率额外获取$1$%的水晶',40,55,70,85,100),(2,'西风长枪','长枪','4',44,1.11,NULL,NULL,NULL,NULL,NULL,NULL,NULL),(3,'决斗之枪','长枪','4',70,1.08,'','',NULL,NULL,NULL,NULL,NULL),(4,'松籁响起之时','重剑','5',98,1.22,'揭旗的叛逆之歌','moe值被动提升$1$%',16,20,24,28,32),(5,'西风大剑','重剑','4',51,1.12,NULL,NULL,NULL,NULL,NULL,NULL,NULL),(6,'黑岩斩刀','重剑','4',55,1.1,NULL,NULL,NULL,NULL,NULL,NULL,NULL),(7,'天空之刃','短剑','5',76,1.35,'穿刺高天的利齿','装备角色眼睛为蓝色时，moe值提升$1$%',20,25,30,35,40),(8,'暗巷闪光','短剑','4',75,1.06,NULL,NULL,NULL,NULL,NULL,NULL,NULL),(9,'西风剑','短剑','4',41,1.17,NULL,'',NULL,NULL,NULL,NULL,NULL),(10,'天空之卷','法器','5',89,1.25,'浮游四方的灵云','在事件完成时，有10%的概率额外获取$1$%的时间储备',12,15,18,21,24),(11,'嘟嘟可故事集','法器','4',41,1.16,NULL,NULL,NULL,NULL,NULL,NULL,NULL),(12,'万国诸海图谱','法器','4',44,1.15,NULL,NULL,NULL,NULL,NULL,NULL,NULL),(13,'终末嗟叹之诗','弓箭','5',93,1.32,'离别的思念之歌','当角色获得额外加成的水晶时，该效果额外提升$1$%',50,75,100,125,150),(14,'幽夜华尔兹','弓箭','4',38,1.16,NULL,NULL,NULL,NULL,NULL,NULL,NULL),(15,'风花之颂','弓箭','4',42,1.09,NULL,NULL,NULL,NULL,NULL,NULL,NULL);
/*!40000 ALTER TABLE `weapon` ENABLE KEYS */;
UNLOCK TABLES;

--
-- Table structure for table `work`
--

DROP TABLE IF EXISTS `work`;
/*!40101 SET @saved_cs_client     = @@character_set_client */;
/*!50503 SET character_set_client = utf8mb4 */;
CREATE TABLE `work` (
  `workid` int NOT NULL AUTO_INCREMENT,
  `name` varchar(48) NOT NULL,
  `year` int DEFAULT NULL,
  `company` varchar(48) DEFAULT NULL,
  PRIMARY KEY (`workid`),
  KEY `name` (`name`) USING BTREE
) ENGINE=InnoDB AUTO_INCREMENT=12 DEFAULT CHARSET=utf8mb3;
/*!40101 SET character_set_client = @saved_cs_client */;

--
-- Dumping data for table `work`
--

LOCK TABLES `work` WRITE;
/*!40000 ALTER TABLE `work` DISABLE KEYS */;
INSERT INTO `work` VALUES (1,'摇曳百合',2011,'Animation Studio'),(2,'我的妹妹哪有这么可爱',2010,'AIC'),(3,'摇曳露营',2018,'C-Station'),(4,'Comic Girls',2018,'Nexus'),(5,'Slow Start',2018,'CloverWorks'),(6,'NEW GAME',2016,'Animation Studio'),(7,'街角魔族',2019,'J.C.STAFF'),(8,'轻音少女',2009,'Kyoto Animation'),(9,'樱trick',2014,'Studio Deen'),(10,'境界的彼方',2013,'Kyoto Animation'),(11,'珈百璃的堕落',2017,'Animation Studio');
/*!40000 ALTER TABLE `work` ENABLE KEYS */;
UNLOCK TABLES;

--
-- Dumping events for database 'kirara_leoworld'
--
/*!40103 SET TIME_ZONE=@OLD_TIME_ZONE */;

/*!40101 SET SQL_MODE=@OLD_SQL_MODE */;
/*!40014 SET FOREIGN_KEY_CHECKS=@OLD_FOREIGN_KEY_CHECKS */;
/*!40014 SET UNIQUE_CHECKS=@OLD_UNIQUE_CHECKS */;
/*!40101 SET CHARACTER_SET_CLIENT=@OLD_CHARACTER_SET_CLIENT */;
/*!40101 SET CHARACTER_SET_RESULTS=@OLD_CHARACTER_SET_RESULTS */;
/*!40101 SET COLLATION_CONNECTION=@OLD_COLLATION_CONNECTION */;
/*!40111 SET SQL_NOTES=@OLD_SQL_NOTES */;

-- Dump completed on 2022-01-08 17:07:03
